user,kc,competency
0157bc278747755031338f18c5ba4233,GMD.4,0.4456841690599723
0157bc278747755031338f18c5ba4233,CO.5,0.4456841690599723
0157bc278747755031338f18c5ba4233,CO.6,0.4456841690599723
0157bc278747755031338f18c5ba4233,MG.1,0
0760db831ec82e0c4b3349f6045d9669,GMD.4,0.21270507292239987
0760db831ec82e0c4b3349f6045d9669,CO.5,0.21270507292239987
0760db831ec82e0c4b3349f6045d9669,CO.6,0.21270507292239987
0760db831ec82e0c4b3349f6045d9669,MG.1,0
0b608ca6b3e7c2e5f31d7118cdc95a9b,GMD.4,0.0035982675922394958
0b608ca6b3e7c2e5f31d7118cdc95a9b,CO.5,0.0035982675922394958
0b608ca6b3e7c2e5f31d7118cdc95a9b,CO.6,0.0035982675922394958
0b608ca6b3e7c2e5f31d7118cdc95a9b,MG.1,0
12c016759e353d0bc14d1bccacba192c,GMD.4,0.24280777927238095
12c016759e353d0bc14d1bccacba192c,CO.5,0.24280777927238095
12c016759e353d0bc14d1bccacba192c,CO.6,0.24280777927238095
12c016759e353d0bc14d1bccacba192c,MG.1,0
12e1e72e84bf81d1bb70ceaaff147ee1,GMD.4,0.3389253839016001
12e1e72e84bf81d1bb70ceaaff147ee1,CO.5,0.3389253839016001
12e1e72e84bf81d1bb70ceaaff147ee1,CO.6,0.3389253839016001
12e1e72e84bf81d1bb70ceaaff147ee1,MG.1,0
1f29e9843acc97006c607d1d50465a1d,GMD.4,0.15979277249102156
1f29e9843acc97006c607d1d50465a1d,CO.5,0.15979277249102156
1f29e9843acc97006c607d1d50465a1d,CO.6,0.15979277249102156
1f29e9843acc97006c607d1d50465a1d,MG.1,0
2085341eede3ffb7e2ffc72bbf0ae02b,GMD.4,0.4442093390771789
2085341eede3ffb7e2ffc72bbf0ae02b,CO.5,0.44681073304654495
2085341eede3ffb7e2ffc72bbf0ae02b,CO.6,0.4442093390771789
2085341eede3ffb7e2ffc72bbf0ae02b,MG.1,0.20670061215786636
24484165b531c64c3151df9e29945731,GMD.4,0.0623432141591281
24484165b531c64c3151df9e29945731,CO.5,0.0623432141591281
24484165b531c64c3151df9e29945731,CO.6,0.0623432141591281
24484165b531c64c3151df9e29945731,MG.1,0
2a772f5859b0bf6156f07f1412f2043a,GMD.4,-0.0536971387642968
2a772f5859b0bf6156f07f1412f2043a,CO.5,-0.0536971387642968
2a772f5859b0bf6156f07f1412f2043a,CO.6,-0.0536971387642968
2a772f5859b0bf6156f07f1412f2043a,MG.1,0
2b2396af4cbf91224f099e909c6068f7,GMD.4,0.12498461909607854
2b2396af4cbf91224f099e909c6068f7,CO.5,0.12498461909607854
2b2396af4cbf91224f099e909c6068f7,CO.6,0.12498461909607854
2b2396af4cbf91224f099e909c6068f7,MG.1,-0.1587520051545555
2d3db94690a19a62a0942fbd6ac30308,GMD.4,-0.1793706549812933
2d3db94690a19a62a0942fbd6ac30308,CO.5,-0.1793706549812933
2d3db94690a19a62a0942fbd6ac30308,CO.6,-0.1793706549812933
2d3db94690a19a62a0942fbd6ac30308,MG.1,0
302f89f8db8438ebfaf8ab4fd1d267f2,GMD.4,-0.032683235215203055
302f89f8db8438ebfaf8ab4fd1d267f2,CO.5,-0.032683235215203055
302f89f8db8438ebfaf8ab4fd1d267f2,CO.6,-0.032683235215203055
302f89f8db8438ebfaf8ab4fd1d267f2,MG.1,0
33619c0e26fd218fbe79c78b631b7843,GMD.4,0.0758966187421303
33619c0e26fd218fbe79c78b631b7843,CO.5,0.0758966187421303
33619c0e26fd218fbe79c78b631b7843,CO.6,0.0758966187421303
33619c0e26fd218fbe79c78b631b7843,MG.1,0
3ea797888d868011497d6e0e56206f3b,GMD.4,-0.10052596616287246
3ea797888d868011497d6e0e56206f3b,CO.5,-0.10052596616287246
3ea797888d868011497d6e0e56206f3b,CO.6,-0.10052596616287246
3ea797888d868011497d6e0e56206f3b,MG.1,0
40d788246ddbc125d1488077d7711321,GMD.4,-0.190231175692017
40d788246ddbc125d1488077d7711321,CO.5,-0.190231175692017
40d788246ddbc125d1488077d7711321,CO.6,-0.190231175692017
40d788246ddbc125d1488077d7711321,MG.1,0
4e46303a1a86e794ec6f495f04a1d95b,GMD.4,-0.09999999999999999
4e46303a1a86e794ec6f495f04a1d95b,CO.5,-0.09999999999999999
4e46303a1a86e794ec6f495f04a1d95b,CO.6,-0.09999999999999999
4e46303a1a86e794ec6f495f04a1d95b,MG.1,0
516f1d9200914db303f76bbefbeff1ad,GMD.4,0.21334327214054136
516f1d9200914db303f76bbefbeff1ad,CO.5,0.21334327214054136
516f1d9200914db303f76bbefbeff1ad,CO.6,0.21334327214054136
516f1d9200914db303f76bbefbeff1ad,MG.1,0
5d9c68c6c50ed3d02a2fcf54f63993b6,GMD.4,-0.5401676043164794
5d9c68c6c50ed3d02a2fcf54f63993b6,CO.5,-0.4214985739322265
5d9c68c6c50ed3d02a2fcf54f63993b6,CO.6,-0.4214985739322265
5d9c68c6c50ed3d02a2fcf54f63993b6,MG.1,-0.11166579534590547
66e12afc561f043a0ff56910f2b166d0,GMD.4,0.2747103542626288
66e12afc561f043a0ff56910f2b166d0,CO.5,0.2747103542626288
66e12afc561f043a0ff56910f2b166d0,CO.6,0.2747103542626288
66e12afc561f043a0ff56910f2b166d0,MG.1,-0.1589319092985966
6b0db803ea472a64d60982fc9820ec6d,GMD.4,-0.17670297275930946
6b0db803ea472a64d60982fc9820ec6d,CO.5,-0.17670297275930946
6b0db803ea472a64d60982fc9820ec6d,CO.6,-0.17670297275930946
6b0db803ea472a64d60982fc9820ec6d,MG.1,0
6f92f9126b33790d7fef01f949d8334b,GMD.4,-0.08750722090897133
6f92f9126b33790d7fef01f949d8334b,CO.5,-0.08750722090897133
6f92f9126b33790d7fef01f949d8334b,CO.6,-0.08750722090897133
6f92f9126b33790d7fef01f949d8334b,MG.1,0
781ddfc1403d3625fe99f9cb5986f096,GMD.4,-0.14745797173969863
781ddfc1403d3625fe99f9cb5986f096,CO.5,-0.14745797173969863
781ddfc1403d3625fe99f9cb5986f096,CO.6,-0.14745797173969863
781ddfc1403d3625fe99f9cb5986f096,MG.1,0
85e2dbc0501c15f84b17a1fd7364467d,GMD.4,-0.27921426646078673
85e2dbc0501c15f84b17a1fd7364467d,CO.5,-0.27921426646078673
85e2dbc0501c15f84b17a1fd7364467d,CO.6,-0.27921426646078673
85e2dbc0501c15f84b17a1fd7364467d,MG.1,0
96ddabca419f7153f2c0ed0cba63a9e4,GMD.4,-0.1674439960546812
96ddabca419f7153f2c0ed0cba63a9e4,CO.5,-0.1674439960546812
96ddabca419f7153f2c0ed0cba63a9e4,CO.6,-0.1674439960546812
96ddabca419f7153f2c0ed0cba63a9e4,MG.1,0
9ebecebccf7f8b60313c913a80f70f47,GMD.4,0.25377092093563025
9ebecebccf7f8b60313c913a80f70f47,CO.5,0.25377092093563025
9ebecebccf7f8b60313c913a80f70f47,CO.6,0.25377092093563025
9ebecebccf7f8b60313c913a80f70f47,MG.1,0
9f5b213ac14a39e0506ff211a2ff2ffc,GMD.4,0.2159882240371376
9f5b213ac14a39e0506ff211a2ff2ffc,CO.5,0.2159882240371376
9f5b213ac14a39e0506ff211a2ff2ffc,CO.6,0.2159882240371376
9f5b213ac14a39e0506ff211a2ff2ffc,MG.1,0
a48c50f9ef3ef60c304e7e4ca5d775cb,GMD.4,0.0694397383137168
a48c50f9ef3ef60c304e7e4ca5d775cb,CO.5,0.0694397383137168
a48c50f9ef3ef60c304e7e4ca5d775cb,CO.6,0.0694397383137168
a48c50f9ef3ef60c304e7e4ca5d775cb,MG.1,0
a7d70a79fa9f7d3dec47bac5541e53be,GMD.4,-0.653131969161792
a7d70a79fa9f7d3dec47bac5541e53be,CO.5,-0.653131969161792
a7d70a79fa9f7d3dec47bac5541e53be,CO.6,-0.653131969161792
a7d70a79fa9f7d3dec47bac5541e53be,MG.1,0
a89dc0a90ec4abfdc92e621e3ca80748,GMD.4,-0.04902618571812772
a89dc0a90ec4abfdc92e621e3ca80748,CO.5,-0.07215914055175027
a89dc0a90ec4abfdc92e621e3ca80748,CO.6,-0.04902618571812772
a89dc0a90ec4abfdc92e621e3ca80748,MG.1,-0.08906060427088758
afa648f0959b8ff1a10ddb9c643aa172,GMD.4,0.2536233377151239
afa648f0959b8ff1a10ddb9c643aa172,CO.5,0.14351473598777434
afa648f0959b8ff1a10ddb9c643aa172,CO.6,0.2536233377151239
afa648f0959b8ff1a10ddb9c643aa172,MG.1,0.06907829511889071
b2531b7f78817a6d4acda4a109b7a431,GMD.4,0.291547408514241
b2531b7f78817a6d4acda4a109b7a431,CO.5,0.291547408514241
b2531b7f78817a6d4acda4a109b7a431,CO.6,0.291547408514241
b2531b7f78817a6d4acda4a109b7a431,MG.1,-0.04369585847279895
bee2a34ccb9b04e94c012b32c0228791,GMD.4,0.0164946130012749
bee2a34ccb9b04e94c012b32c0228791,CO.5,0.0164946130012749
bee2a34ccb9b04e94c012b32c0228791,CO.6,0.0164946130012749
bee2a34ccb9b04e94c012b32c0228791,MG.1,0
bfc0042bbe42e56ce5a8d2d9b8c0f4e4,GMD.4,-0.028951166341661
bfc0042bbe42e56ce5a8d2d9b8c0f4e4,CO.5,-0.028951166341661
bfc0042bbe42e56ce5a8d2d9b8c0f4e4,CO.6,-0.028951166341661
bfc0042bbe42e56ce5a8d2d9b8c0f4e4,MG.1,0
d0eb9b379fb70519d83b457b6c85ec4d,GMD.4,0.03696942709289257
d0eb9b379fb70519d83b457b6c85ec4d,CO.5,0.03696942709289257
d0eb9b379fb70519d83b457b6c85ec4d,CO.6,0.03696942709289257
d0eb9b379fb70519d83b457b6c85ec4d,MG.1,0
e08bc4c6e82c2fce47308de23960f73c,GMD.4,-0.06714765773962285
e08bc4c6e82c2fce47308de23960f73c,CO.5,-0.06714765773962285
e08bc4c6e82c2fce47308de23960f73c,CO.6,-0.06714765773962285
e08bc4c6e82c2fce47308de23960f73c,MG.1,0
e3d9bb1dbe4394feac89c0974e04a53f,GMD.4,-0.04801704573762233
e3d9bb1dbe4394feac89c0974e04a53f,CO.5,-0.04801704573762233
e3d9bb1dbe4394feac89c0974e04a53f,CO.6,-0.04801704573762233
e3d9bb1dbe4394feac89c0974e04a53f,MG.1,0
e86797831be7ef238bf4da814e085931,GMD.4,-0.19114198767354648
e86797831be7ef238bf4da814e085931,CO.5,-0.19114198767354648
e86797831be7ef238bf4da814e085931,CO.6,-0.19114198767354648
e86797831be7ef238bf4da814e085931,MG.1,0
ffb0d9f90251dac55dde43e4cae2c46c,GMD.4,-0.1438920334451226
ffb0d9f90251dac55dde43e4cae2c46c,CO.5,-0.1438920334451226
ffb0d9f90251dac55dde43e4cae2c46c,CO.6,-0.1438920334451226
ffb0d9f90251dac55dde43e4cae2c46c,MG.1,0
16877a7d2e69929dcf77a5b6ea4e6cd9,GMD.4,0.31610663367094394
16877a7d2e69929dcf77a5b6ea4e6cd9,CO.5,0.6225506416887734
16877a7d2e69929dcf77a5b6ea4e6cd9,CO.6,0.43470320294224196
16877a7d2e69929dcf77a5b6ea4e6cd9,MG.1,0.1805481018798501
17db09f3cda608d44115c85fddc3c9ad,GMD.4,0.18899736866440095
17db09f3cda608d44115c85fddc3c9ad,CO.5,0.17894374758721535
17db09f3cda608d44115c85fddc3c9ad,CO.6,0.15252066852318258
17db09f3cda608d44115c85fddc3c9ad,MG.1,0.19441697551867276
17f8fdb215276b60e1b97a24962ad0f2,GMD.4,0.29009488234835834
17f8fdb215276b60e1b97a24962ad0f2,CO.5,0.28050350584613826
17f8fdb215276b60e1b97a24962ad0f2,CO.6,0.35816815388084067
17f8fdb215276b60e1b97a24962ad0f2,MG.1,0.09404402918219595
18209fda6e66194eb48ac00ea2f10a16,GMD.4,0.2738787141592832
18209fda6e66194eb48ac00ea2f10a16,CO.5,0.22677376987399275
18209fda6e66194eb48ac00ea2f10a16,CO.6,0.24689305006013165
18209fda6e66194eb48ac00ea2f10a16,MG.1,0.06554085997395839
1a59df3d27c2f1544da042110abbff28,GMD.4,-0.12217679571257822
1a59df3d27c2f1544da042110abbff28,CO.5,-0.12217679571257822
1a59df3d27c2f1544da042110abbff28,CO.6,-0.12217679571257822
1a59df3d27c2f1544da042110abbff28,MG.1,0
29fba46101c93b24f73945ea1e3994ef,GMD.4,-0.18077890298198207
29fba46101c93b24f73945ea1e3994ef,CO.5,-0.0674598277670002
29fba46101c93b24f73945ea1e3994ef,CO.6,-0.11646119045768782
29fba46101c93b24f73945ea1e3994ef,MG.1,0.05052558216617482
2da50872be7a811e24a1cdec9c227829,GMD.4,0.34922026553150687
2da50872be7a811e24a1cdec9c227829,CO.5,0.4577214951030478
2da50872be7a811e24a1cdec9c227829,CO.6,0.3306173837220915
2da50872be7a811e24a1cdec9c227829,MG.1,0.03888165284517879
2db95e8e1a9267b7a1188556b2013b33,GMD.4,-0.014839859995606218
2db95e8e1a9267b7a1188556b2013b33,CO.5,-0.014839859995606218
2db95e8e1a9267b7a1188556b2013b33,CO.6,-0.014839859995606218
2db95e8e1a9267b7a1188556b2013b33,MG.1,0
3346993e67759021d1f7d17052cae1bb,GMD.4,0.7860928687342638
3346993e67759021d1f7d17052cae1bb,CO.5,0.7085278346004561
3346993e67759021d1f7d17052cae1bb,CO.6,0.6815585248232507
3346993e67759021d1f7d17052cae1bb,MG.1,0.05272228906555913
3f4fbcbac5da95a20fa08e5384cec0be,GMD.4,0.31486197116499154
3f4fbcbac5da95a20fa08e5384cec0be,CO.5,0.1837489573713324
3f4fbcbac5da95a20fa08e5384cec0be,CO.6,0.1837489573713324
3f4fbcbac5da95a20fa08e5384cec0be,MG.1,0.20673643400605998
4e4715f7254217e3086e400c20c6c46a,GMD.4,-0.11392992958690683
4e4715f7254217e3086e400c20c6c46a,CO.5,-0.11392992958690683
4e4715f7254217e3086e400c20c6c46a,CO.6,-0.11392992958690683
4e4715f7254217e3086e400c20c6c46a,MG.1,0
5724b11c82858d1aa6e80f800fda71df,GMD.4,0.6792468293142047
5724b11c82858d1aa6e80f800fda71df,CO.5,0.6466135458447775
5724b11c82858d1aa6e80f800fda71df,CO.6,0.6226962248999384
5724b11c82858d1aa6e80f800fda71df,MG.1,0.20456531671852063
6fb00a0a9c2e6b84352abd12b0f53c0b,GMD.4,-0.1036576556355856
6fb00a0a9c2e6b84352abd12b0f53c0b,CO.5,-0.1036576556355856
6fb00a0a9c2e6b84352abd12b0f53c0b,CO.6,-0.1036576556355856
6fb00a0a9c2e6b84352abd12b0f53c0b,MG.1,0
70c2fe415227245dbd643fe14a70a22f,GMD.4,-0.015447835392817128
70c2fe415227245dbd643fe14a70a22f,CO.5,0.09728539819862034
70c2fe415227245dbd643fe14a70a22f,CO.6,0.011014542859345012
70c2fe415227245dbd643fe14a70a22f,MG.1,0.0439221840291155
7738af89c35a17ea95c600683473bb33,GMD.4,0.13986808222572694
7738af89c35a17ea95c600683473bb33,CO.5,0.22463199708903248
7738af89c35a17ea95c600683473bb33,CO.6,0.22699782791611844
7738af89c35a17ea95c600683473bb33,MG.1,-0.06174305134431535
82ad0b937435798fbb2091527e421451,GMD.4,0.4170802312511963
82ad0b937435798fbb2091527e421451,CO.5,0.346034381010994
82ad0b937435798fbb2091527e421451,CO.6,0.3398703539230807
82ad0b937435798fbb2091527e421451,MG.1,-0.033240945042683295
86e8f92f3a09a2f64ae0c8eedfbf7e53,GMD.4,0.8779002682274584
86e8f92f3a09a2f64ae0c8eedfbf7e53,CO.5,0.7634725815838483
86e8f92f3a09a2f64ae0c8eedfbf7e53,CO.6,0.7532788097557048
86e8f92f3a09a2f64ae0c8eedfbf7e53,MG.1,0.19194097019324624
8722a7065bec725bd89027515a38ce3f,GMD.4,-0.09577823449378535
8722a7065bec725bd89027515a38ce3f,CO.5,-0.10760580567117824
8722a7065bec725bd89027515a38ce3f,CO.6,-0.03732382038072777
8722a7065bec725bd89027515a38ce3f,MG.1,0.032161333286921404
8b44d17f9b0196463b19431a948a9e98,GMD.4,0.6774387863876097
8b44d17f9b0196463b19431a948a9e98,CO.5,0.5843981382415261
8b44d17f9b0196463b19431a948a9e98,CO.6,0.5618201871290267
8b44d17f9b0196463b19431a948a9e98,MG.1,0.14931273915473126
993408ffe6e0e8aead57ab51a1ef269d,GMD.4,-0.14454974969125284
993408ffe6e0e8aead57ab51a1ef269d,CO.5,-0.05387528692783282
993408ffe6e0e8aead57ab51a1ef269d,CO.6,-0.05387528692783282
993408ffe6e0e8aead57ab51a1ef269d,MG.1,0
9b5657ee770823fe25d1c7aeb56e6bf5,GMD.4,0.48991469087780004
9b5657ee770823fe25d1c7aeb56e6bf5,CO.5,0.40634824468163133
9b5657ee770823fe25d1c7aeb56e6bf5,CO.6,0.38866403770377567
9b5657ee770823fe25d1c7aeb56e6bf5,MG.1,0.11417382474937819
9e663ef15cba5a9afa81c93d878e0142,GMD.4,0.1447113858468798
9e663ef15cba5a9afa81c93d878e0142,CO.5,0.2027487198867788
9e663ef15cba5a9afa81c93d878e0142,CO.6,0.18995231120481543
9e663ef15cba5a9afa81c93d878e0142,MG.1,0.02673569138964969
a283b675d67d1d68be3638180a7e5be3,GMD.4,-0.40976694451848505
a283b675d67d1d68be3638180a7e5be3,CO.5,-0.19465588093472322
a283b675d67d1d68be3638180a7e5be3,CO.6,-0.2695762587011626
a283b675d67d1d68be3638180a7e5be3,MG.1,-0.12169126484995224
a53cd649ff5a2d9179498975e93ac8a4,GMD.4,-0.018997769930956844
a53cd649ff5a2d9179498975e93ac8a4,CO.5,-0.027888663767472364
a53cd649ff5a2d9179498975e93ac8a4,CO.6,-0.09725452500758607
a53cd649ff5a2d9179498975e93ac8a4,MG.1,0.024883353889376545
c3db769de9f799bc76b49a478276d45e,GMD.4,0.44617586921440716
c3db769de9f799bc76b49a478276d45e,CO.5,0.33565248746704185
c3db769de9f799bc76b49a478276d45e,CO.6,0.34285027658055806
c3db769de9f799bc76b49a478276d45e,MG.1,0.12604649662313464
d278cc3740e7ce2167235bc2fab96726,GMD.4,-0.170642128797493
d278cc3740e7ce2167235bc2fab96726,CO.5,-0.0853210643987465
d278cc3740e7ce2167235bc2fab96726,CO.6,-0.0853210643987465
d278cc3740e7ce2167235bc2fab96726,MG.1,0
d73754f6b5d308b307e394440a59d165,GMD.4,0.12886435673847274
d73754f6b5d308b307e394440a59d165,CO.5,0.10475471193716493
d73754f6b5d308b307e394440a59d165,CO.6,0.1113623101794659
d73754f6b5d308b307e394440a59d165,MG.1,-0.11334494810143986
eaee82f96dc626a30a8f6097beae44fa,GMD.4,0.4502173912523962
eaee82f96dc626a30a8f6097beae44fa,CO.5,0.3603286878895541
eaee82f96dc626a30a8f6097beae44fa,CO.6,0.35945513586508276
eaee82f96dc626a30a8f6097beae44fa,MG.1,-0.08070062811699535
ed85b33be7a53b79744ce29fb600966d,GMD.4,0.13469164083390078
ed85b33be7a53b79744ce29fb600966d,CO.5,0.13451054567647072
ed85b33be7a53b79744ce29fb600966d,CO.6,0.05988297714735987
ed85b33be7a53b79744ce29fb600966d,MG.1,0.020539488601945384
f58c606cf3549cbca186b628293cf2b3,GMD.4,0.1325874270940043
f58c606cf3549cbca186b628293cf2b3,CO.5,0.13342822491955744
f58c606cf3549cbca186b628293cf2b3,CO.6,0.07101621068784889
f58c606cf3549cbca186b628293cf2b3,MG.1,0.019863244221404577
ff8662d59180b49cef99ccbea2414fac,GMD.4,-0.12875329623161388
ff8662d59180b49cef99ccbea2414fac,CO.5,0.02787716175658722
ff8662d59180b49cef99ccbea2414fac,CO.6,0.05111651574970645
ff8662d59180b49cef99ccbea2414fac,MG.1,-0.05697648714312815
0a7a979cbaa702f693c222990a433ba2,GMD.4,0.4614871104009234
0a7a979cbaa702f693c222990a433ba2,CO.5,0.36148106399930285
0a7a979cbaa702f693c222990a433ba2,CO.6,0.37239582590526205
0a7a979cbaa702f693c222990a433ba2,MG.1,0.17130242598836704
1167e354a5b14bfe32706bdb0b67a0cf,GMD.4,0.40848219980832084
1167e354a5b14bfe32706bdb0b67a0cf,CO.5,0.3277358825379491
1167e354a5b14bfe32706bdb0b67a0cf,CO.6,0.3353665188478531
1167e354a5b14bfe32706bdb0b67a0cf,MG.1,0.13793654214330628
1222fa9a94d30af5ffb6006472aa5537,GMD.4,-0.5847519796039343
1222fa9a94d30af5ffb6006472aa5537,CO.5,-0.7884535528383603
1222fa9a94d30af5ffb6006472aa5537,CO.6,-0.5847519796039343
1222fa9a94d30af5ffb6006472aa5537,MG.1,-0.20402225254395492
1b55c999597635ddd855882330afecb8,GMD.4,-0.1269696369002553
1b55c999597635ddd855882330afecb8,CO.5,-0.1269696369002553
1b55c999597635ddd855882330afecb8,CO.6,-0.1269696369002553
1b55c999597635ddd855882330afecb8,MG.1,0
23e976a7cd66724ad7ddf04707c29f64,GMD.4,0.4682686498660429
23e976a7cd66724ad7ddf04707c29f64,CO.5,0.4176718676363878
23e976a7cd66724ad7ddf04707c29f64,CO.6,0.4107964682836859
23e976a7cd66724ad7ddf04707c29f64,MG.1,0.11767140647921756
2636425489c6a77a532f75254d058a38,GMD.4,0.09297343288435872
2636425489c6a77a532f75254d058a38,CO.5,0.08706431149997385
2636425489c6a77a532f75254d058a38,CO.6,0.08417012158783523
2636425489c6a77a532f75254d058a38,MG.1,0.025025653290468634
2accdfe177744666db2e039a12eca830,GMD.4,0.21038809476707696
2accdfe177744666db2e039a12eca830,CO.5,0.18480945949221836
2accdfe177744666db2e039a12eca830,CO.6,0.17873161535967344
2accdfe177744666db2e039a12eca830,MG.1,0.023662803912019408
4610cc6adb8b0aeea29d5eb053a8bcc5,GMD.4,0.012637735826283133
4610cc6adb8b0aeea29d5eb053a8bcc5,CO.5,-0.06502965615682076
4610cc6adb8b0aeea29d5eb053a8bcc5,CO.6,0.012637735826283133
4610cc6adb8b0aeea29d5eb053a8bcc5,MG.1,0.023244381465314278
4713ace1b155ff9642b1a0ed67c1fdf3,GMD.4,0.10388491485842599
4713ace1b155ff9642b1a0ed67c1fdf3,CO.5,0.10707474386449839
4713ace1b155ff9642b1a0ed67c1fdf3,CO.6,0.0961657328552935
4713ace1b155ff9642b1a0ed67c1fdf3,MG.1,0.022311776889658935
49ab334e3991f54ab1e2d11869834191,GMD.4,0.3212417505320198
49ab334e3991f54ab1e2d11869834191,CO.5,0.2894507096179942
49ab334e3991f54ab1e2d11869834191,CO.6,0.27654231459827033
49ab334e3991f54ab1e2d11869834191,MG.1,0.0943195703241857
4ae4eb7fe5a30b7ea567ee1ffd3ce9b5,GMD.4,-0.19477438534446942
4ae4eb7fe5a30b7ea567ee1ffd3ce9b5,CO.5,-0.17009482830202624
4ae4eb7fe5a30b7ea567ee1ffd3ce9b5,CO.6,-0.19477438534446942
4ae4eb7fe5a30b7ea567ee1ffd3ce9b5,MG.1,0.022074839528451767
4cac6d6f0016fa63c459c4e9d0aa16b1,GMD.4,-0.06594834975364912
4cac6d6f0016fa63c459c4e9d0aa16b1,CO.5,-0.06594834975364912
4cac6d6f0016fa63c459c4e9d0aa16b1,CO.6,-0.06594834975364912
4cac6d6f0016fa63c459c4e9d0aa16b1,MG.1,0
5adfb464337689314d03622f9f0b10c7,GMD.4,-0.19471665417023437
5adfb464337689314d03622f9f0b10c7,CO.5,-0.19471665417023437
5adfb464337689314d03622f9f0b10c7,CO.6,-0.19471665417023437
5adfb464337689314d03622f9f0b10c7,MG.1,-0.20334283272567738
63ff74c01bb9518553cbde97472cb82a,GMD.4,-0.0328937770790925
63ff74c01bb9518553cbde97472cb82a,CO.5,-0.1504420278759688
63ff74c01bb9518553cbde97472cb82a,CO.6,-0.0328937770790925
63ff74c01bb9518553cbde97472cb82a,MG.1,0.03045407310491882
7ccdfc4cbcb4802bdc2b511f8d89eee3,GMD.4,-0.18088259107877439
7ccdfc4cbcb4802bdc2b511f8d89eee3,CO.5,-0.18088259107877439
7ccdfc4cbcb4802bdc2b511f8d89eee3,CO.6,-0.18088259107877439
7ccdfc4cbcb4802bdc2b511f8d89eee3,MG.1,0
8572b2a0310a5e510f661e7817120458,GMD.4,-0.4280768400253991
8572b2a0310a5e510f661e7817120458,CO.5,-0.4280768400253991
8572b2a0310a5e510f661e7817120458,CO.6,-0.4280768400253991
8572b2a0310a5e510f661e7817120458,MG.1,0.02972281755504001
86eafa4b05f579291048d9f8e4e715fd,GMD.4,-0.9436801161573865
86eafa4b05f579291048d9f8e4e715fd,CO.5,-0.7723410471317891
86eafa4b05f579291048d9f8e4e715fd,CO.6,-0.7541234825562358
86eafa4b05f579291048d9f8e4e715fd,MG.1,-0.3413803530687742
8e27fc67618a1dcc6930342eb60c293a,GMD.4,0.2918847582639133
8e27fc67618a1dcc6930342eb60c293a,CO.5,0.33051377244540936
8e27fc67618a1dcc6930342eb60c293a,CO.6,0.31326775854231587
8e27fc67618a1dcc6930342eb60c293a,MG.1,0.12494652446682895
a86925711409ca9c76b1f1c1ef43d281,GMD.4,0.5101468207364201
a86925711409ca9c76b1f1c1ef43d281,CO.5,0.46175240455412714
a86925711409ca9c76b1f1c1ef43d281,CO.6,0.4437933905951334
a86925711409ca9c76b1f1c1ef43d281,MG.1,0.10596373128784942
b316cbf7331dbefba42e77a52c831e51,GMD.4,-0.13302930163916304
b316cbf7331dbefba42e77a52c831e51,CO.5,-0.13302930163916304
b316cbf7331dbefba42e77a52c831e51,CO.6,-0.13302930163916304
b316cbf7331dbefba42e77a52c831e51,MG.1,0
bf837b2d3b9345552bf9c7692f4ed9e9,GMD.4,-0.4958302037956334
bf837b2d3b9345552bf9c7692f4ed9e9,CO.5,-0.6420216656243952
bf837b2d3b9345552bf9c7692f4ed9e9,CO.6,-0.43254412080002586
bf837b2d3b9345552bf9c7692f4ed9e9,MG.1,-0.21822099524214864
c63e4c7092dc66e2c40ac54e40e2589d,GMD.4,0.010435734120530955
c63e4c7092dc66e2c40ac54e40e2589d,CO.5,0.11410738059381448
c63e4c7092dc66e2c40ac54e40e2589d,CO.6,0.11410738059381448
c63e4c7092dc66e2c40ac54e40e2589d,MG.1,0.03728477984319874
ce2264a639e01f4ca75a0c242fbafb09,GMD.4,-0.25154661420961183
ce2264a639e01f4ca75a0c242fbafb09,CO.5,-0.2910961806513984
ce2264a639e01f4ca75a0c242fbafb09,CO.6,-0.2910961806513984
ce2264a639e01f4ca75a0c242fbafb09,MG.1,0
d74e4aa0805fc05a35d64a50fc0e84de,GMD.4,0.05932239709008025
d74e4aa0805fc05a35d64a50fc0e84de,CO.5,0.004396859412741611
d74e4aa0805fc05a35d64a50fc0e84de,CO.6,0.05932239709008025
d74e4aa0805fc05a35d64a50fc0e84de,MG.1,0.03676054787810295
dae8f18dec37209033af50bf2bc6722d,GMD.4,0.06126542110516664
dae8f18dec37209033af50bf2bc6722d,CO.5,0.014008838697668098
dae8f18dec37209033af50bf2bc6722d,CO.6,0.06126542110516664
dae8f18dec37209033af50bf2bc6722d,MG.1,0.03504900495365334
f328f213fa502ed9b06a2f5f6ed88086,GMD.4,0.2217569365753465
f328f213fa502ed9b06a2f5f6ed88086,CO.5,0.26380354376704623
f328f213fa502ed9b06a2f5f6ed88086,CO.6,0.14234950032261712
f328f213fa502ed9b06a2f5f6ed88086,MG.1,0.03292620960712571
f335e6139464347a152729767b7c10e6,GMD.4,-0.41448555277288995
f335e6139464347a152729767b7c10e6,CO.5,-0.31246577786227425
f335e6139464347a152729767b7c10e6,CO.6,-0.31246577786227425
f335e6139464347a152729767b7c10e6,MG.1,0
f5c577edc3b46150d0cbae675ee7e459,GMD.4,0.18814559868123978
f5c577edc3b46150d0cbae675ee7e459,CO.5,0.21884087308246808
f5c577edc3b46150d0cbae675ee7e459,CO.6,0.1103394973030999
f5c577edc3b46150d0cbae675ee7e459,MG.1,0.03164270150484462
f7383b2902f1761b425ff7df7ae095fc,GMD.4,-0.3220368019262442
f7383b2902f1761b425ff7df7ae095fc,CO.5,-0.30565888482033804
f7383b2902f1761b425ff7df7ae095fc,CO.6,-0.3220368019262442
f7383b2902f1761b425ff7df7ae095fc,MG.1,0.04227501540916208
f7ab47845da1e7938d6eacd273fff776,GMD.4,-0.01835724651385793
f7ab47845da1e7938d6eacd273fff776,CO.5,-0.06542675119760397
f7ab47845da1e7938d6eacd273fff776,CO.6,-0.01835724651385793
f7ab47845da1e7938d6eacd273fff776,MG.1,0.03169211114033713
fd8558801677dd29161b880a74cb9c81,GMD.4,0.37796159555226966
fd8558801677dd29161b880a74cb9c81,CO.5,0.438329494626505
fd8558801677dd29161b880a74cb9c81,CO.6,0.40812887131598846
fd8558801677dd29161b880a74cb9c81,MG.1,0.08683284090442343
15246dfc4342ffe2601e4ecee9017eea,GMD.4,-0.49488406355665515
15246dfc4342ffe2601e4ecee9017eea,CO.5,-0.4293339062610053
15246dfc4342ffe2601e4ecee9017eea,CO.6,-0.4293339062610053
15246dfc4342ffe2601e4ecee9017eea,MG.1,-0.3564995797051146
62dad8bdc4268597b3ee4964cc2a3a87,GMD.4,-0.5140140855866616
62dad8bdc4268597b3ee4964cc2a3a87,CO.5,-0.5140140855866616
62dad8bdc4268597b3ee4964cc2a3a87,CO.6,-0.5140140855866616
62dad8bdc4268597b3ee4964cc2a3a87,MG.1,-0.13978834448630426
ab8c358afd1e639192d0abb1c5c0c9cb,GMD.4,-0.4255660903343461
ab8c358afd1e639192d0abb1c5c0c9cb,CO.5,-0.40581406795031405
ab8c358afd1e639192d0abb1c5c0c9cb,CO.6,-0.33001888514988936
ab8c358afd1e639192d0abb1c5c0c9cb,MG.1,0.03165528170108671
c08daa0a4e7dfc7899ae8ffd4b5b1f45,GMD.4,-0.10963713880885403
c08daa0a4e7dfc7899ae8ffd4b5b1f45,CO.5,-0.09724768936833951
c08daa0a4e7dfc7899ae8ffd4b5b1f45,CO.6,-0.10963713880885403
c08daa0a4e7dfc7899ae8ffd4b5b1f45,MG.1,0.03648294944837206
c90e00e6590150ee969146996428ed57,GMD.4,-0.5141218429031746
c90e00e6590150ee969146996428ed57,CO.5,-0.5141218429031746
c90e00e6590150ee969146996428ed57,CO.6,-0.5141218429031746
c90e00e6590150ee969146996428ed57,MG.1,-0.17590129995114706
d1b81842e7f52c7e4bfee0b60735bdf1,GMD.4,0.2223627946763086
d1b81842e7f52c7e4bfee0b60735bdf1,CO.5,0.2749415379613651
d1b81842e7f52c7e4bfee0b60735bdf1,CO.6,0.22852764779636842
d1b81842e7f52c7e4bfee0b60735bdf1,MG.1,0.13470433177733704
098f6bcd4621d373cade4e832627b4f6,GMD.4,-0.46272302545443333
098f6bcd4621d373cade4e832627b4f6,CO.5,-0.5664865595542563
098f6bcd4621d373cade4e832627b4f6,CO.6,-0.46272302545443333
098f6bcd4621d373cade4e832627b4f6,MG.1,0
15776a754fac811d8592f8746dfe03f6,GMD.4,-0.00552220586411243
15776a754fac811d8592f8746dfe03f6,CO.5,-0.00552220586411243
15776a754fac811d8592f8746dfe03f6,CO.6,-0.00552220586411243
15776a754fac811d8592f8746dfe03f6,MG.1,0.02468099723111693
185f8ea3abb5153621b2759e8972478f,GMD.4,-0.22184754562099954
185f8ea3abb5153621b2759e8972478f,CO.5,-0.3868991487981643
185f8ea3abb5153621b2759e8972478f,CO.6,-0.22184754562099954
185f8ea3abb5153621b2759e8972478f,MG.1,-0.20098301977435423
1b06f2a47bf02a5aeeb5eee15061dd76,GMD.4,-0.0806627160032396
1b06f2a47bf02a5aeeb5eee15061dd76,CO.5,-0.0806627160032396
1b06f2a47bf02a5aeeb5eee15061dd76,CO.6,-0.0806627160032396
1b06f2a47bf02a5aeeb5eee15061dd76,MG.1,0
1d0a0548d9586e4cd74019a0ce91c6d3,GMD.4,-0.370784522671033
1d0a0548d9586e4cd74019a0ce91c6d3,CO.5,-0.2864557091818752
1d0a0548d9586e4cd74019a0ce91c6d3,CO.6,-0.3028817616005305
1d0a0548d9586e4cd74019a0ce91c6d3,MG.1,-0.17639102697583792
23cc150b3334c3f316fb29fd8c7bb48d,GMD.4,-0.15084401155622798
23cc150b3334c3f316fb29fd8c7bb48d,CO.5,-0.15084401155622798
23cc150b3334c3f316fb29fd8c7bb48d,CO.6,-0.15084401155622798
23cc150b3334c3f316fb29fd8c7bb48d,MG.1,0
5b05639df7f654ec0b22e86cc1d1158b,GMD.4,-0.14490894868595555
5b05639df7f654ec0b22e86cc1d1158b,CO.5,-0.1941055788937936
5b05639df7f654ec0b22e86cc1d1158b,CO.6,-0.14490894868595555
5b05639df7f654ec0b22e86cc1d1158b,MG.1,0.05741249660003738
712d1197ed1e2c07b4c8544bd192c450,GMD.4,-0.1196725060526147
712d1197ed1e2c07b4c8544bd192c450,CO.5,-0.1196725060526147
712d1197ed1e2c07b4c8544bd192c450,CO.6,-0.1196725060526147
712d1197ed1e2c07b4c8544bd192c450,MG.1,0
743b7d8a8341513e9865fdb1d08685b0,GMD.4,0.15012317490510335
743b7d8a8341513e9865fdb1d08685b0,CO.5,0.15012317490510335
743b7d8a8341513e9865fdb1d08685b0,CO.6,0.15012317490510335
743b7d8a8341513e9865fdb1d08685b0,MG.1,0.053851982631222664
7dbcf48d9abd3b7ac3e5efa0cb8fe8a2,GMD.4,0.1253275586467503
7dbcf48d9abd3b7ac3e5efa0cb8fe8a2,CO.5,0.19624752291009667
7dbcf48d9abd3b7ac3e5efa0cb8fe8a2,CO.6,0.1253275586467503
7dbcf48d9abd3b7ac3e5efa0cb8fe8a2,MG.1,0.05081171578575541
90fd4d4e0af8796d9bff08c93a37690a,GMD.4,0.23822941747230542
90fd4d4e0af8796d9bff08c93a37690a,CO.5,0.3015467000079837
90fd4d4e0af8796d9bff08c93a37690a,CO.6,0.23822941747230542
90fd4d4e0af8796d9bff08c93a37690a,MG.1,0.04788522870528521
922d9b752ef23eb9c27b22dd9e96b0dd,GMD.4,-0.02451130505783454
922d9b752ef23eb9c27b22dd9e96b0dd,CO.5,-0.03544025374883023
922d9b752ef23eb9c27b22dd9e96b0dd,CO.6,-0.04251178269802365
922d9b752ef23eb9c27b22dd9e96b0dd,MG.1,0.04550144535236005
a0598c170ea4cb8cc78c7ad7409e9d93,GMD.4,0.14553803267261367
a0598c170ea4cb8cc78c7ad7409e9d93,CO.5,0.22674474880742662
a0598c170ea4cb8cc78c7ad7409e9d93,CO.6,0.18759314342594668
a0598c170ea4cb8cc78c7ad7409e9d93,MG.1,0.04373070214706866
a37a6bbde30f576840b754d721c3b767,GMD.4,0.4806373070974189
a37a6bbde30f576840b754d721c3b767,CO.5,0.4562026758623985
a37a6bbde30f576840b754d721c3b767,CO.6,0.4253678628325261
a37a6bbde30f576840b754d721c3b767,MG.1,-0.09341399782121007
adf5228f64a7d8954ae7614729729f4a,GMD.4,0.48488365212608775
adf5228f64a7d8954ae7614729729f4a,CO.5,0.4384890786683711
adf5228f64a7d8954ae7614729729f4a,CO.6,0.40935294210820855
adf5228f64a7d8954ae7614729729f4a,MG.1,0.14272689849271583
aee91e2e71de85a2f48d3d1a62749939,GMD.4,0.07838587983160045
aee91e2e71de85a2f48d3d1a62749939,CO.5,0.22321293168946876
aee91e2e71de85a2f48d3d1a62749939,CO.6,0.199991425739799
aee91e2e71de85a2f48d3d1a62749939,MG.1,0.038525708221218494
c1e1d3389671bcfccbe590ce97c36b42,GMD.4,-0.12149332041206755
c1e1d3389671bcfccbe590ce97c36b42,CO.5,-0.12149332041206755
c1e1d3389671bcfccbe590ce97c36b42,CO.6,-0.12149332041206755
c1e1d3389671bcfccbe590ce97c36b42,MG.1,0
c658a12e036d24a8bc2e0e0fa2343ade,GMD.4,0.023902318350849987
c658a12e036d24a8bc2e0e0fa2343ade,CO.5,0.16357822036329886
c658a12e036d24a8bc2e0e0fa2343ade,CO.6,0.10834358160523445
c658a12e036d24a8bc2e0e0fa2343ade,MG.1,0.037613626006927484
eb28ab106ea3efb1b9e586b1b531b7b8,GMD.4,-0.3986953484645831
eb28ab106ea3efb1b9e586b1b531b7b8,CO.5,-0.3986953484645831
eb28ab106ea3efb1b9e586b1b531b7b8,CO.6,-0.3986953484645831
eb28ab106ea3efb1b9e586b1b531b7b8,MG.1,0
f05b5d1373b538bfbdea776a3aff23db,GMD.4,-0.05763889281153947
f05b5d1373b538bfbdea776a3aff23db,CO.5,-0.05763889281153947
f05b5d1373b538bfbdea776a3aff23db,CO.6,-0.05763889281153947
f05b5d1373b538bfbdea776a3aff23db,MG.1,0
f093c0d517d1cfcedd496536160f18d4,GMD.4,0.11053842647705575
f093c0d517d1cfcedd496536160f18d4,CO.5,0.054220989351644266
f093c0d517d1cfcedd496536160f18d4,CO.6,0.11053842647705575
f093c0d517d1cfcedd496536160f18d4,MG.1,-0.08991151870666614
f5c024ffd3a74a95a557f9c2099d5dc4,GMD.4,-0.09900502537290382
f5c024ffd3a74a95a557f9c2099d5dc4,CO.5,-0.09900502537290382
f5c024ffd3a74a95a557f9c2099d5dc4,CO.6,-0.09900502537290382
f5c024ffd3a74a95a557f9c2099d5dc4,MG.1,0
11f0815f430c98926be1961578f4e383,GMD.4,-0.5041085341133495
11f0815f430c98926be1961578f4e383,CO.5,-0.6719799304400785
11f0815f430c98926be1961578f4e383,CO.6,-0.5041085341133495
11f0815f430c98926be1961578f4e383,MG.1,0.036952037042697845
245b1824b004e18dc67f195876944f29,GMD.4,0.1100451088984839
245b1824b004e18dc67f195876944f29,CO.5,0.1100451088984839
245b1824b004e18dc67f195876944f29,CO.6,0.1100451088984839
245b1824b004e18dc67f195876944f29,MG.1,-0.2011162123071923
27c2cc6a9a8c96ec409b61a0bf056976,GMD.4,-0.3419332981815897
27c2cc6a9a8c96ec409b61a0bf056976,CO.5,-0.3419332981815897
27c2cc6a9a8c96ec409b61a0bf056976,CO.6,-0.3419332981815897
27c2cc6a9a8c96ec409b61a0bf056976,MG.1,0
318084c6adc2a40b0824ce52658f212b,GMD.4,-0.17649826718732095
318084c6adc2a40b0824ce52658f212b,CO.5,-0.17649826718732095
318084c6adc2a40b0824ce52658f212b,CO.6,-0.17649826718732095
318084c6adc2a40b0824ce52658f212b,MG.1,0
3a614ffabbc581c7298ad2d92ab1d137,GMD.4,-0.014622048244107205
3a614ffabbc581c7298ad2d92ab1d137,CO.5,-0.014622048244107205
3a614ffabbc581c7298ad2d92ab1d137,CO.6,-0.014622048244107205
3a614ffabbc581c7298ad2d92ab1d137,MG.1,-0.1916123792206124
3c32dab9a9041d872c3d1dc527a8caee,GMD.4,0.02923957056425322
3c32dab9a9041d872c3d1dc527a8caee,CO.5,-0.08036771765930578
3c32dab9a9041d872c3d1dc527a8caee,CO.6,0.02923957056425322
3c32dab9a9041d872c3d1dc527a8caee,MG.1,0.05401371561836772
3e3e76b766bc7657937a3a95297ad602,GMD.4,-0.17443776679915682
3e3e76b766bc7657937a3a95297ad602,CO.5,-0.17443776679915682
3e3e76b766bc7657937a3a95297ad602,CO.6,-0.17443776679915682
3e3e76b766bc7657937a3a95297ad602,MG.1,0
476c86cda40e6f3a762d65030a131dd2,GMD.4,0.11291342943140735
476c86cda40e6f3a762d65030a131dd2,CO.5,0.07943735165798602
476c86cda40e6f3a762d65030a131dd2,CO.6,0.11291342943140735
476c86cda40e6f3a762d65030a131dd2,MG.1,0.04974298411528787
54417fb66f18dc9566731e6f9033ba7c,GMD.4,-0.027376485877601928
54417fb66f18dc9566731e6f9033ba7c,CO.5,-0.027376485877601928
54417fb66f18dc9566731e6f9033ba7c,CO.6,-0.027376485877601928
54417fb66f18dc9566731e6f9033ba7c,MG.1,0
54b1e46a1ae286dff5c6f918f4fea3d7,GMD.4,-0.15264007210471675
54b1e46a1ae286dff5c6f918f4fea3d7,CO.5,-0.15264007210471675
54b1e46a1ae286dff5c6f918f4fea3d7,CO.6,-0.15264007210471675
54b1e46a1ae286dff5c6f918f4fea3d7,MG.1,0
55136b14de831d3766fb638203cf2f1d,GMD.4,-0.08790925115993417
55136b14de831d3766fb638203cf2f1d,CO.5,-0.06316198796939912
55136b14de831d3766fb638203cf2f1d,CO.6,-0.08790925115993417
55136b14de831d3766fb638203cf2f1d,MG.1,0.04803794422520903
56ccce25ead834182d605eff319bfa2c,GMD.4,0.26412322218014583
56ccce25ead834182d605eff319bfa2c,CO.5,0.3673883778528993
56ccce25ead834182d605eff319bfa2c,CO.6,0.3205960488059088
56ccce25ead834182d605eff319bfa2c,MG.1,0.04485582787155933
58f4734cf6b706ff75c516a60d6b5781,GMD.4,-0.020469008697008836
58f4734cf6b706ff75c516a60d6b5781,CO.5,-0.020469008697008836
58f4734cf6b706ff75c516a60d6b5781,CO.6,-0.020469008697008836
58f4734cf6b706ff75c516a60d6b5781,MG.1,0
5bc813de10b7e5cf4f75066d56c60778,GMD.4,-0.13093432185431494
5bc813de10b7e5cf4f75066d56c60778,CO.5,-0.13093432185431494
5bc813de10b7e5cf4f75066d56c60778,CO.6,-0.13093432185431494
5bc813de10b7e5cf4f75066d56c60778,MG.1,0
5c5f8fb35c0db55cea793e0b85c01d19,GMD.4,0.2652702066554676
5c5f8fb35c0db55cea793e0b85c01d19,CO.5,0.32454139863466064
5c5f8fb35c0db55cea793e0b85c01d19,CO.6,0.2652702066554676
5c5f8fb35c0db55cea793e0b85c01d19,MG.1,0.04313120329146104
684c851af59965b680086b7b4896ff98,GMD.4,-0.17314543452913359
684c851af59965b680086b7b4896ff98,CO.5,-0.17314543452913359
684c851af59965b680086b7b4896ff98,CO.6,-0.17314543452913359
684c851af59965b680086b7b4896ff98,MG.1,0
7801d79b9626077d540a1788ce9d2031,GMD.4,-0.09734551472306555
7801d79b9626077d540a1788ce9d2031,CO.5,-0.09734551472306555
7801d79b9626077d540a1788ce9d2031,CO.6,-0.09734551472306555
7801d79b9626077d540a1788ce9d2031,MG.1,0
a462a6e2243d3f8469847e9c5330b8b1,GMD.4,-0.17054515728304684
a462a6e2243d3f8469847e9c5330b8b1,CO.5,-0.17054515728304684
a462a6e2243d3f8469847e9c5330b8b1,CO.6,-0.17054515728304684
a462a6e2243d3f8469847e9c5330b8b1,MG.1,0
a7cd72c73f26587b48a0800d7e3d1fa6,GMD.4,0.12000733567255772
a7cd72c73f26587b48a0800d7e3d1fa6,CO.5,0.07715147566860373
a7cd72c73f26587b48a0800d7e3d1fa6,CO.6,0.12000733567255772
a7cd72c73f26587b48a0800d7e3d1fa6,MG.1,0.04172220452080085
ac5b8161e38c3ac6753b0654de52823b,GMD.4,0.1708123735126879
ac5b8161e38c3ac6753b0654de52823b,CO.5,0.18695538812887313
ac5b8161e38c3ac6753b0654de52823b,CO.6,0.1708123735126879
ac5b8161e38c3ac6753b0654de52823b,MG.1,0.0400211396074628
b25afda10342aa07780ccf349f6f3015,GMD.4,-0.15278033713982206
b25afda10342aa07780ccf349f6f3015,CO.5,-0.1289368632359192
b25afda10342aa07780ccf349f6f3015,CO.6,-0.09479712782724584
b25afda10342aa07780ccf349f6f3015,MG.1,0.0398369098257149
b478c820d69d14fef95a7d533246cfe2,GMD.4,0.0051760394481089374
b478c820d69d14fef95a7d533246cfe2,CO.5,0.0051760394481089374
b478c820d69d14fef95a7d533246cfe2,CO.6,0.0051760394481089374
b478c820d69d14fef95a7d533246cfe2,MG.1,0
b69eb4ca4b4ae19e8e4f2e3129da7fd3,GMD.4,0.2663264344365298
b69eb4ca4b4ae19e8e4f2e3129da7fd3,CO.5,0.3039677323823307
b69eb4ca4b4ae19e8e4f2e3129da7fd3,CO.6,0.1824183493336483
b69eb4ca4b4ae19e8e4f2e3129da7fd3,MG.1,0.036705024020992794
b6bb897191ae7db466d040eff341f576,GMD.4,-0.06465949059857887
b6bb897191ae7db466d040eff341f576,CO.5,-0.06465949059857887
b6bb897191ae7db466d040eff341f576,CO.6,-0.06465949059857887
b6bb897191ae7db466d040eff341f576,MG.1,-0.19705858723021613
b850165f89f378954e3a6454177711e4,GMD.4,-0.07522937679804402
b850165f89f378954e3a6454177711e4,CO.5,-0.07522937679804402
b850165f89f378954e3a6454177711e4,CO.6,-0.07522937679804402
b850165f89f378954e3a6454177711e4,MG.1,0
bac28f12fa9332df145bc5950d29c5d4,GMD.4,0.4561384988426845
bac28f12fa9332df145bc5950d29c5d4,CO.5,0.42426735690477546
bac28f12fa9332df145bc5950d29c5d4,CO.6,0.3892729845912595
bac28f12fa9332df145bc5950d29c5d4,MG.1,0.04383428501044516
bd6a63c5523e2eced8f2dc3bd2aaea5e,GMD.4,-0.07427559684058509
bd6a63c5523e2eced8f2dc3bd2aaea5e,CO.5,-0.11395589926207743
bd6a63c5523e2eced8f2dc3bd2aaea5e,CO.6,-0.07427559684058509
bd6a63c5523e2eced8f2dc3bd2aaea5e,MG.1,0.0440083731309627
bd9ae4e1453529db67c9f12cc318df66,GMD.4,-0.17003021110439967
bd9ae4e1453529db67c9f12cc318df66,CO.5,-0.17003021110439967
bd9ae4e1453529db67c9f12cc318df66,CO.6,-0.17003021110439967
bd9ae4e1453529db67c9f12cc318df66,MG.1,0
bf76c066852c378feeaf64cbc6eef4f9,GMD.4,-0.07223760856847841
bf76c066852c378feeaf64cbc6eef4f9,CO.5,-0.07223760856847841
bf76c066852c378feeaf64cbc6eef4f9,CO.6,-0.07223760856847841
bf76c066852c378feeaf64cbc6eef4f9,MG.1,0
bfef85ef3bdfda5d39803c036e187cb3,GMD.4,-0.30099065111054946
bfef85ef3bdfda5d39803c036e187cb3,CO.5,-0.2848535439252189
bfef85ef3bdfda5d39803c036e187cb3,CO.6,-0.30099065111054946
bfef85ef3bdfda5d39803c036e187cb3,MG.1,-0.18150974184656887
bff3d4d4d0de5158652dbd6cf8a033f6,GMD.4,-0.19505425313768426
bff3d4d4d0de5158652dbd6cf8a033f6,CO.5,-0.19505425313768426
bff3d4d4d0de5158652dbd6cf8a033f6,CO.6,-0.19505425313768426
bff3d4d4d0de5158652dbd6cf8a033f6,MG.1,0
c43889e351f4bfee0ab575565214a1b1,GMD.4,0.06687401986996953
c43889e351f4bfee0ab575565214a1b1,CO.5,0.1807800114910586
c43889e351f4bfee0ab575565214a1b1,CO.6,0.12584407814727414
c43889e351f4bfee0ab575565214a1b1,MG.1,0.04944667443684801
d2123496f464e618b6b4baf50c3da1e6,GMD.4,0.22813235476826627
d2123496f464e618b6b4baf50c3da1e6,CO.5,0.3032633250878622
d2123496f464e618b6b4baf50c3da1e6,CO.6,0.2739834842066212
d2123496f464e618b6b4baf50c3da1e6,MG.1,0.047301824038422334
d63179744205c56977834576f42dd328,GMD.4,0.12726309438241498
d63179744205c56977834576f42dd328,CO.5,0.12726309438241498
d63179744205c56977834576f42dd328,CO.6,0.12726309438241498
d63179744205c56977834576f42dd328,MG.1,0.03832779502819998
d979871f68a9e367eb3a5df8be7c4bf4,GMD.4,-0.1736228929043489
d979871f68a9e367eb3a5df8be7c4bf4,CO.5,-0.2177544373932851
d979871f68a9e367eb3a5df8be7c4bf4,CO.6,-0.1736228929043489
d979871f68a9e367eb3a5df8be7c4bf4,MG.1,0.04542087647753548
e129f5ced2d36f872763fd95b8747655,GMD.4,0.17524207812555231
e129f5ced2d36f872763fd95b8747655,CO.5,0.22374754099883992
e129f5ced2d36f872763fd95b8747655,CO.6,0.18607592985254517
e129f5ced2d36f872763fd95b8747655,MG.1,0
e42c1c9f7c7267e0ec513ab911b1b498,GMD.4,-0.17503896228177043
e42c1c9f7c7267e0ec513ab911b1b498,CO.5,-0.17503896228177043
e42c1c9f7c7267e0ec513ab911b1b498,CO.6,-0.17503896228177043
e42c1c9f7c7267e0ec513ab911b1b498,MG.1,0
e6662110d004759d74de8f6a94dcf85a,GMD.4,-0.02295442606873796
e6662110d004759d74de8f6a94dcf85a,CO.5,-0.07008177555287666
e6662110d004759d74de8f6a94dcf85a,CO.6,-0.02295442606873796
e6662110d004759d74de8f6a94dcf85a,MG.1,0.04260101421448354
e7bac32dd5a8b21a4b027108c836b2f5,GMD.4,-0.11946395774381416
e7bac32dd5a8b21a4b027108c836b2f5,CO.5,-0.2334335308225643
e7bac32dd5a8b21a4b027108c836b2f5,CO.6,-0.11946395774381416
e7bac32dd5a8b21a4b027108c836b2f5,MG.1,0
f7ce6e7ecd96412457901bd9e2409788,GMD.4,0.10860061046596518
f7ce6e7ecd96412457901bd9e2409788,CO.5,0.07044168327735945
f7ce6e7ecd96412457901bd9e2409788,CO.6,0.10860061046596518
f7ce6e7ecd96412457901bd9e2409788,MG.1,0.041057995846803114
1295c9ddb112b1276f3967dad1b2ce7f,GMD.4,0.11488710671565716
1295c9ddb112b1276f3967dad1b2ce7f,CO.5,0.06962099832442203
1295c9ddb112b1276f3967dad1b2ce7f,CO.6,0.06962099832442203
1295c9ddb112b1276f3967dad1b2ce7f,MG.1,0
1870d7fdb0afbbdbc37c32e2a644239f,GMD.4,-0.07660274453522055
1870d7fdb0afbbdbc37c32e2a644239f,CO.5,-0.07660274453522055
1870d7fdb0afbbdbc37c32e2a644239f,CO.6,-0.07660274453522055
1870d7fdb0afbbdbc37c32e2a644239f,MG.1,0
270bf809fd1b7e871eebb0e6c39cb364,GMD.4,-0.2641755115225799
270bf809fd1b7e871eebb0e6c39cb364,CO.5,-0.2641755115225799
270bf809fd1b7e871eebb0e6c39cb364,CO.6,-0.2641755115225799
270bf809fd1b7e871eebb0e6c39cb364,MG.1,0
27f08f1a1996a8fe6c46de7787676953,GMD.4,-0.07400833066469321
27f08f1a1996a8fe6c46de7787676953,CO.5,-0.05509712035163755
27f08f1a1996a8fe6c46de7787676953,CO.6,-0.07400833066469321
27f08f1a1996a8fe6c46de7787676953,MG.1,0.03944961727494005
2828ad601746d2218f55b8ac4e94619d,GMD.4,-0.1268576574724517
2828ad601746d2218f55b8ac4e94619d,CO.5,-0.09824995411052931
2828ad601746d2218f55b8ac4e94619d,CO.6,-0.06858631401355306
2828ad601746d2218f55b8ac4e94619d,MG.1,0.03812035901812427
287866db18f943cf4cac87fc39e0eed2,GMD.4,-0.03834291453669563
287866db18f943cf4cac87fc39e0eed2,CO.5,-0.03834291453669563
287866db18f943cf4cac87fc39e0eed2,CO.6,-0.03834291453669563
287866db18f943cf4cac87fc39e0eed2,MG.1,-0.19507274690994073
2e473395015ae4d92006fd558776d59f,GMD.4,-0.49436529936883017
2e473395015ae4d92006fd558776d59f,CO.5,-0.42809976505483793
2e473395015ae4d92006fd558776d59f,CO.6,-0.4253444496965181
2e473395015ae4d92006fd558776d59f,MG.1,0.04849186825260397
30bb014e5b15dd9fc656d307c2ac78af,GMD.4,-0.551300762234746
30bb014e5b15dd9fc656d307c2ac78af,CO.5,-0.551300762234746
30bb014e5b15dd9fc656d307c2ac78af,CO.6,-0.6030054611312208
30bb014e5b15dd9fc656d307c2ac78af,MG.1,-0.1864882436299897
30cc83a6a1f9f5d4331ee9b968e1b8f5,GMD.4,-0.11373238890731283
30cc83a6a1f9f5d4331ee9b968e1b8f5,CO.5,-0.11373238890731283
30cc83a6a1f9f5d4331ee9b968e1b8f5,CO.6,-0.11373238890731283
30cc83a6a1f9f5d4331ee9b968e1b8f5,MG.1,0
321e474105c67a79d3cbee73993c4af0,GMD.4,0.14970446711290109
321e474105c67a79d3cbee73993c4af0,CO.5,0.2189582796159894
321e474105c67a79d3cbee73993c4af0,CO.6,0.14970446711290109
321e474105c67a79d3cbee73993c4af0,MG.1,0.05093539723551279
3ba430337eb30f5fd7569451b5dfdf32,GMD.4,-0.677014166596763
3ba430337eb30f5fd7569451b5dfdf32,CO.5,-0.6914810029088675
3ba430337eb30f5fd7569451b5dfdf32,CO.6,-0.677014166596763
3ba430337eb30f5fd7569451b5dfdf32,MG.1,0.05612502086202815
3fdae469073e50e17048175c8e63de7d,GMD.4,0.2470221780989198
3fdae469073e50e17048175c8e63de7d,CO.5,0.3130111471894125
3fdae469073e50e17048175c8e63de7d,CO.6,0.2470221780989198
3fdae469073e50e17048175c8e63de7d,MG.1,0.04607473509984442
47813ad0c16e58f98f9c9b049195600b,GMD.4,0.11547413708795842
47813ad0c16e58f98f9c9b049195600b,CO.5,0.11547413708795842
47813ad0c16e58f98f9c9b049195600b,CO.6,0.11547413708795842
47813ad0c16e58f98f9c9b049195600b,MG.1,-0.18713296839579222
4ec219610dc2770a6877e012f1f4275f,GMD.4,-0.12533595027919833
4ec219610dc2770a6877e012f1f4275f,CO.5,-0.12533595027919833
4ec219610dc2770a6877e012f1f4275f,CO.6,-0.12533595027919833
4ec219610dc2770a6877e012f1f4275f,MG.1,0
520ea7a4dffdd14646427cb35cab5367,GMD.4,-0.25737143430498904
520ea7a4dffdd14646427cb35cab5367,CO.5,-0.25737143430498904
520ea7a4dffdd14646427cb35cab5367,CO.6,-0.25737143430498904
520ea7a4dffdd14646427cb35cab5367,MG.1,0
5cce64bf55190c8816d80129f875b351,GMD.4,-0.1722705484018166
5cce64bf55190c8816d80129f875b351,CO.5,-0.1722705484018166
5cce64bf55190c8816d80129f875b351,CO.6,-0.1722705484018166
5cce64bf55190c8816d80129f875b351,MG.1,0
61826b2435a7a079a118b0a8473a4ffa,GMD.4,0.15460772712576812
61826b2435a7a079a118b0a8473a4ffa,CO.5,0.11867622373736535
61826b2435a7a079a118b0a8473a4ffa,CO.6,0.15460772712576812
61826b2435a7a079a118b0a8473a4ffa,MG.1,0.052993980904539786
6672e613399b164cbfe36519dfc71f07,GMD.4,-0.03442926932294339
6672e613399b164cbfe36519dfc71f07,CO.5,-0.03442926932294339
6672e613399b164cbfe36519dfc71f07,CO.6,-0.03442926932294339
6672e613399b164cbfe36519dfc71f07,MG.1,0
6cc3178b47d20716422c1c3f2c5fe96b,GMD.4,0.12188349408170518
6cc3178b47d20716422c1c3f2c5fe96b,CO.5,0.12188349408170518
6cc3178b47d20716422c1c3f2c5fe96b,CO.6,0.12188349408170518
6cc3178b47d20716422c1c3f2c5fe96b,MG.1,-0.18085164800092352
6fb3ff8d301777e350eebeb04ef58c4a,GMD.4,-0.2669787585064099
6fb3ff8d301777e350eebeb04ef58c4a,CO.5,-0.41749954799728983
6fb3ff8d301777e350eebeb04ef58c4a,CO.6,-0.30871360497557987
6fb3ff8d301777e350eebeb04ef58c4a,MG.1,0.06177243646683328
7460c7ca07460c8b16f7b14aff5e4d8c,GMD.4,-0.227563251061776
7460c7ca07460c8b16f7b14aff5e4d8c,CO.5,-0.227563251061776
7460c7ca07460c8b16f7b14aff5e4d8c,CO.6,-0.227563251061776
7460c7ca07460c8b16f7b14aff5e4d8c,MG.1,0
7be8b35ba9d4b1ad7c3d3f32b585df6f,GMD.4,-0.12693086167417844
7be8b35ba9d4b1ad7c3d3f32b585df6f,CO.5,-0.12693086167417844
7be8b35ba9d4b1ad7c3d3f32b585df6f,CO.6,-0.12693086167417844
7be8b35ba9d4b1ad7c3d3f32b585df6f,MG.1,0
7e95e0d124f5d7852af4b05082db7b1c,GMD.4,-0.1578314372788834
7e95e0d124f5d7852af4b05082db7b1c,CO.5,-0.13121051886692128
7e95e0d124f5d7852af4b05082db7b1c,CO.6,-0.11149336028141456
7e95e0d124f5d7852af4b05082db7b1c,MG.1,0.057832399200412304
7ea1d408020c8831efec76c7554e5abf,GMD.4,-0.41952109802119064
7ea1d408020c8831efec76c7554e5abf,CO.5,-0.5535137738457119
7ea1d408020c8831efec76c7554e5abf,CO.6,-0.41952109802119064
7ea1d408020c8831efec76c7554e5abf,MG.1,-0.15602477291161881
91e46c07c7105f932dadf5e732bdf1d0,GMD.4,0.17950378134715658
91e46c07c7105f932dadf5e732bdf1d0,CO.5,0.16724550485370515
91e46c07c7105f932dadf5e732bdf1d0,CO.6,0.17950378134715658
91e46c07c7105f932dadf5e732bdf1d0,MG.1,0.05396147223186746
a0b74e464805c9da87a54f1eb541ecf0,GMD.4,-0.1595715967767203
a0b74e464805c9da87a54f1eb541ecf0,CO.5,-0.1595715967767203
a0b74e464805c9da87a54f1eb541ecf0,CO.6,-0.1595715967767203
a0b74e464805c9da87a54f1eb541ecf0,MG.1,0
a2fa97f09291175fc3aa77a9749673d6,GMD.4,0.02766841786490455
a2fa97f09291175fc3aa77a9749673d6,CO.5,0.02766841786490455
a2fa97f09291175fc3aa77a9749673d6,CO.6,0.02766841786490455
a2fa97f09291175fc3aa77a9749673d6,MG.1,0
a5c3e0a06735be3f1c9f396c68be10a9,GMD.4,-0.09091961354620529
a5c3e0a06735be3f1c9f396c68be10a9,CO.5,-0.09091961354620529
a5c3e0a06735be3f1c9f396c68be10a9,CO.6,-0.09091961354620529
a5c3e0a06735be3f1c9f396c68be10a9,MG.1,0
a66f852274a441f4f9676b070c0c64db,GMD.4,0.1622865159755464
a66f852274a441f4f9676b070c0c64db,CO.5,0.24258948528690608
a66f852274a441f4f9676b070c0c64db,CO.6,0.1171680341125559
a66f852274a441f4f9676b070c0c64db,MG.1,0.051238626262818464
b15f2a5087a673d4606ce6018525e7a0,GMD.4,0.2693864056356911
b15f2a5087a673d4606ce6018525e7a0,CO.5,0.308507829451873
b15f2a5087a673d4606ce6018525e7a0,CO.6,0.19425019991433407
b15f2a5087a673d4606ce6018525e7a0,MG.1,0.04947594371966575
b268d12ce8397a934edad8c75983afdd,GMD.4,-0.0611898247756377
b268d12ce8397a934edad8c75983afdd,CO.5,-0.0611898247756377
b268d12ce8397a934edad8c75983afdd,CO.6,-0.0611898247756377
b268d12ce8397a934edad8c75983afdd,MG.1,-0.16557984760173583
b8f38a202d7b62fad5756326e758ab2b,GMD.4,-0.1775830912314044
b8f38a202d7b62fad5756326e758ab2b,CO.5,-0.1775830912314044
b8f38a202d7b62fad5756326e758ab2b,CO.6,-0.1775830912314044
b8f38a202d7b62fad5756326e758ab2b,MG.1,0
ba915e03a3635bdb819f0e6d4000c5ca,GMD.4,-0.7414504820997382
ba915e03a3635bdb819f0e6d4000c5ca,CO.5,-0.6669296478308239
ba915e03a3635bdb819f0e6d4000c5ca,CO.6,-0.6489361341541807
ba915e03a3635bdb819f0e6d4000c5ca,MG.1,0
c107fca5bfaacfb2acdb4f696d639741,GMD.4,0.21162900543802202
c107fca5bfaacfb2acdb4f696d639741,CO.5,0.28925469133258797
c107fca5bfaacfb2acdb4f696d639741,CO.6,0.21162900543802202
c107fca5bfaacfb2acdb4f696d639741,MG.1,0.049098409977677025
c396e31c6edc38e39218252ebc243b3c,GMD.4,0.03349336776373238
c396e31c6edc38e39218252ebc243b3c,CO.5,0.03349336776373238
c396e31c6edc38e39218252ebc243b3c,CO.6,0.03349336776373238
c396e31c6edc38e39218252ebc243b3c,MG.1,0
c4374012b768c14df138b56f25018b58,GMD.4,0.009204346142074193
c4374012b768c14df138b56f25018b58,CO.5,-0.050989077669336975
c4374012b768c14df138b56f25018b58,CO.6,-0.026518496711038002
c4374012b768c14df138b56f25018b58,MG.1,0.04915040455174813
c4e5c4626027530f46a81ff750f68b7f,GMD.4,-0.12691513843470537
c4e5c4626027530f46a81ff750f68b7f,CO.5,-0.12691513843470537
c4e5c4626027530f46a81ff750f68b7f,CO.6,-0.12691513843470537
c4e5c4626027530f46a81ff750f68b7f,MG.1,0
caf081d70252877a1fdf2e72872355d0,GMD.4,-0.035512558997310234
caf081d70252877a1fdf2e72872355d0,CO.5,-0.1094701389610164
caf081d70252877a1fdf2e72872355d0,CO.6,-0.035512558997310234
caf081d70252877a1fdf2e72872355d0,MG.1,0
d92de6cb8908be5916910148ab008b2c,GMD.4,-0.17951439832806892
d92de6cb8908be5916910148ab008b2c,CO.5,-0.13172822389470268
d92de6cb8908be5916910148ab008b2c,CO.6,-0.15783737736017373
d92de6cb8908be5916910148ab008b2c,MG.1,0
e38cbe491d2d84c6d4cdf2ed08e78d55,GMD.4,-0.0018009619670635857
e38cbe491d2d84c6d4cdf2ed08e78d55,CO.5,-0.0018009619670635857
e38cbe491d2d84c6d4cdf2ed08e78d55,CO.6,-0.0018009619670635857
e38cbe491d2d84c6d4cdf2ed08e78d55,MG.1,-0.1893865868684077
e7a1c28b6e31fa4ce644626262e21991,GMD.4,-0.06537222318108808
e7a1c28b6e31fa4ce644626262e21991,CO.5,-0.06537222318108808
e7a1c28b6e31fa4ce644626262e21991,CO.6,-0.06537222318108808
e7a1c28b6e31fa4ce644626262e21991,MG.1,0
ea569ef5f2caa3294f865787d01bebfb,GMD.4,0.09896118676064702
ea569ef5f2caa3294f865787d01bebfb,CO.5,0.0015799383507444642
ea569ef5f2caa3294f865787d01bebfb,CO.6,0.09896118676064702
ea569ef5f2caa3294f865787d01bebfb,MG.1,0.055461274786656786
ee9244078bab1b7e54aa21c9af7c9f69,GMD.4,0.035997914235731815
ee9244078bab1b7e54aa21c9af7c9f69,CO.5,0.035997914235731815
ee9244078bab1b7e54aa21c9af7c9f69,CO.6,0.035997914235731815
ee9244078bab1b7e54aa21c9af7c9f69,MG.1,0
eeb4ac2443dd0496ffbefa6780f4d7d4,GMD.4,-0.0003022076025907955
eeb4ac2443dd0496ffbefa6780f4d7d4,CO.5,-0.0003022076025907955
eeb4ac2443dd0496ffbefa6780f4d7d4,CO.6,-0.0003022076025907955
eeb4ac2443dd0496ffbefa6780f4d7d4,MG.1,-0.183752700204566
f46a2482f35a0a401bf611fd85f4339d,GMD.4,-0.04451472677776942
f46a2482f35a0a401bf611fd85f4339d,CO.5,-0.05579662907339404
f46a2482f35a0a401bf611fd85f4339d,CO.6,-0.04451472677776942
f46a2482f35a0a401bf611fd85f4339d,MG.1,0.06076194199650943
f56eef88a0f83f726712b0fecbc81552,GMD.4,0.34277194043870285
f56eef88a0f83f726712b0fecbc81552,CO.5,0.42677247258307205
f56eef88a0f83f726712b0fecbc81552,CO.6,0.34277194043870285
f56eef88a0f83f726712b0fecbc81552,MG.1,0.056845033477324
f780fb1266b2137865259660adcf0b0a,GMD.4,-0.12798159735903228
f780fb1266b2137865259660adcf0b0a,CO.5,-0.12798159735903228
f780fb1266b2137865259660adcf0b0a,CO.6,-0.12798159735903228
f780fb1266b2137865259660adcf0b0a,MG.1,0
fa5c548b7886cc9a4a03da68cb414905,GMD.4,-0.16407318176460473
fa5c548b7886cc9a4a03da68cb414905,CO.5,-0.12007877899199308
fa5c548b7886cc9a4a03da68cb414905,CO.6,-0.12007877899199308
fa5c548b7886cc9a4a03da68cb414905,MG.1,-0.17988776402171242
fb504c1409250aaef610c9d9b7306e18,GMD.4,-0.09376782975092339
fb504c1409250aaef610c9d9b7306e18,CO.5,-0.09376782975092339
fb504c1409250aaef610c9d9b7306e18,CO.6,-0.09376782975092339
fb504c1409250aaef610c9d9b7306e18,MG.1,0
fb72fa38101a46d8857571aec0be9ce0,GMD.4,-0.17029345629251166
fb72fa38101a46d8857571aec0be9ce0,CO.5,-0.17029345629251166
fb72fa38101a46d8857571aec0be9ce0,CO.6,-0.17029345629251166
fb72fa38101a46d8857571aec0be9ce0,MG.1,0
00f86c5fc28e8d326cdae17ea97c7387,GMD.4,-0.2634828091531984
00f86c5fc28e8d326cdae17ea97c7387,CO.5,-0.15855766042717231
00f86c5fc28e8d326cdae17ea97c7387,CO.6,-0.160363891972907
00f86c5fc28e8d326cdae17ea97c7387,MG.1,-0.043250242786347266
031395e5e53450933d46c8646ae4ee27,GMD.4,-0.05652279145993727
031395e5e53450933d46c8646ae4ee27,CO.5,-0.05652279145993727
031395e5e53450933d46c8646ae4ee27,CO.6,-0.05652279145993727
031395e5e53450933d46c8646ae4ee27,MG.1,-0.17220123392862663
049217092f0cf180df6272f85c8144b1,GMD.4,0.47935898754207384
049217092f0cf180df6272f85c8144b1,CO.5,0.4805618993356069
049217092f0cf180df6272f85c8144b1,CO.6,0.44701405647737746
049217092f0cf180df6272f85c8144b1,MG.1,-0.021954985759344153
04efb31113020a35abc57f18b7c92b34,GMD.4,0.690962134173637
04efb31113020a35abc57f18b7c92b34,CO.5,0.7020799554994867
04efb31113020a35abc57f18b7c92b34,CO.6,0.6669213551040946
04efb31113020a35abc57f18b7c92b34,MG.1,0.20293432999535685
09c0fd63d10090d7503972218cf4bfc3,GMD.4,0.272911536086982
09c0fd63d10090d7503972218cf4bfc3,CO.5,0.30900358876877315
09c0fd63d10090d7503972218cf4bfc3,CO.6,0.20914186173959268
09c0fd63d10090d7503972218cf4bfc3,MG.1,-0.0303554026680982
0d35fa2868a21199e36b159b49ae6aad,GMD.4,0.7438045837568382
0d35fa2868a21199e36b159b49ae6aad,CO.5,0.670640699540136
0d35fa2868a21199e36b159b49ae6aad,CO.6,0.6431418887908589
0d35fa2868a21199e36b159b49ae6aad,MG.1,0.19151592983935628
0f099d5808edc0d9345318303a996602,GMD.4,-0.12799086085924163
0f099d5808edc0d9345318303a996602,CO.5,0.01975729879837007
0f099d5808edc0d9345318303a996602,CO.6,0.10456347320141687
0f099d5808edc0d9345318303a996602,MG.1,0
10b6d08eea990eacf342c323080e83f5,GMD.4,0.49789077021598527
10b6d08eea990eacf342c323080e83f5,CO.5,0.5067206750098867
10b6d08eea990eacf342c323080e83f5,CO.6,0.4773220238123299
10b6d08eea990eacf342c323080e83f5,MG.1,-0.04323628730033737
10db62423210c1642e3d793303d2a081,GMD.4,-0.27390539356951105
10db62423210c1642e3d793303d2a081,CO.5,-0.2519827728619842
10db62423210c1642e3d793303d2a081,CO.6,-0.27390539356951105
10db62423210c1642e3d793303d2a081,MG.1,-0.2138092081095552
113d1b7d0977122f5962fa123325c015,GMD.4,0.5731257247961073
113d1b7d0977122f5962fa123325c015,CO.5,0.549272794815906
113d1b7d0977122f5962fa123325c015,CO.6,0.5213001215666266
113d1b7d0977122f5962fa123325c015,MG.1,-0.026806237039788926
12c90b2d277f87dffd14e56879987369,GMD.4,-0.15266058745651423
12c90b2d277f87dffd14e56879987369,CO.5,-0.15266058745651423
12c90b2d277f87dffd14e56879987369,CO.6,-0.15266058745651423
12c90b2d277f87dffd14e56879987369,MG.1,-0.3374839796802155
1552ddb0e271a09b410dcd36ad33768c,GMD.4,-0.11976262648277189
1552ddb0e271a09b410dcd36ad33768c,CO.5,-0.11976262648277189
1552ddb0e271a09b410dcd36ad33768c,CO.6,-0.11976262648277189
1552ddb0e271a09b410dcd36ad33768c,MG.1,0
1c727a6e8a2e5c5a98471503c322d1b4,GMD.4,0.17507438240994633
1c727a6e8a2e5c5a98471503c322d1b4,CO.5,0.17507438240994633
1c727a6e8a2e5c5a98471503c322d1b4,CO.6,0.17507438240994633
1c727a6e8a2e5c5a98471503c322d1b4,MG.1,0
1f32ee4bde190b6194c8d956ef958987,GMD.4,0.7114790119887818
1f32ee4bde190b6194c8d956ef958987,CO.5,0.7309906790177975
1f32ee4bde190b6194c8d956ef958987,CO.6,0.6953069252774174
1f32ee4bde190b6194c8d956ef958987,MG.1,0.34551486154263295
1f53831aa8207f7fa53432515a1e6752,GMD.4,-0.34315389492179643
1f53831aa8207f7fa53432515a1e6752,CO.5,-0.20157504935411177
1f53831aa8207f7fa53432515a1e6752,CO.6,-0.20157504935411177
1f53831aa8207f7fa53432515a1e6752,MG.1,0
260b88947a587ebbb88ab3988c0cc484,GMD.4,0.017787071525283263
260b88947a587ebbb88ab3988c0cc484,CO.5,-0.058308685208355644
260b88947a587ebbb88ab3988c0cc484,CO.6,0.017787071525283263
260b88947a587ebbb88ab3988c0cc484,MG.1,0.12086042811531524
263c55cbe89c59d5374540a90c0e9425,GMD.4,0.34366528006427655
263c55cbe89c59d5374540a90c0e9425,CO.5,0.41936148671165113
263c55cbe89c59d5374540a90c0e9425,CO.6,0.38343174729681145
263c55cbe89c59d5374540a90c0e9425,MG.1,0.06102638910371888
2adf7f3a2239344ded1b5c1f960b1e9e,GMD.4,-0.13917462977964515
2adf7f3a2239344ded1b5c1f960b1e9e,CO.5,-0.13917462977964515
2adf7f3a2239344ded1b5c1f960b1e9e,CO.6,-0.13917462977964515
2adf7f3a2239344ded1b5c1f960b1e9e,MG.1,0
2b0af0935243bf6aa00b6f7be5fdbabc,GMD.4,0.1705193512442192
2b0af0935243bf6aa00b6f7be5fdbabc,CO.5,0.2240970083200978
2b0af0935243bf6aa00b6f7be5fdbabc,CO.6,0.1705193512442192
2b0af0935243bf6aa00b6f7be5fdbabc,MG.1,0.06210817173290066
2f0ac5ad17c9aa0ab1a3a01e8fea4ea8,GMD.4,0.4611299041315124
2f0ac5ad17c9aa0ab1a3a01e8fea4ea8,CO.5,0.45912640163393015
2f0ac5ad17c9aa0ab1a3a01e8fea4ea8,CO.6,0.43041577100644995
2f0ac5ad17c9aa0ab1a3a01e8fea4ea8,MG.1,0.16341067739772794
2fc80637fca670560429037eb31234b6,GMD.4,0.007436962271444219
2fc80637fca670560429037eb31234b6,CO.5,-0.08595171929708184
2fc80637fca670560429037eb31234b6,CO.6,-0.08079635854492472
2fc80637fca670560429037eb31234b6,MG.1,-0.17806686455910847
34df13a769b46a72178b5495e12030ff,GMD.4,-0.005155164949215807
34df13a769b46a72178b5495e12030ff,CO.5,-0.005155164949215807
34df13a769b46a72178b5495e12030ff,CO.6,-0.005155164949215807
34df13a769b46a72178b5495e12030ff,MG.1,0
3d992da5acb90d3c9b53b9684d648306,GMD.4,0.6825603720179415
3d992da5acb90d3c9b53b9684d648306,CO.5,0.6109030987252987
3d992da5acb90d3c9b53b9684d648306,CO.6,0.5832789556773317
3d992da5acb90d3c9b53b9684d648306,MG.1,0.1497406024826018
48e2fa8526344763b562fc7318987b5f,GMD.4,0.25484996295968926
48e2fa8526344763b562fc7318987b5f,CO.5,0.09364677193773005
48e2fa8526344763b562fc7318987b5f,CO.6,0.09364677193773005
48e2fa8526344763b562fc7318987b5f,MG.1,0.09018033961148823
5092a4247d0b049bf77e89d824c535a4,GMD.4,-0.11804220341088126
5092a4247d0b049bf77e89d824c535a4,CO.5,-0.11804220341088126
5092a4247d0b049bf77e89d824c535a4,CO.6,-0.11804220341088126
5092a4247d0b049bf77e89d824c535a4,MG.1,0
5760acdfb9a7fe7637b49680a8dc2d47,GMD.4,0.5223278382518594
5760acdfb9a7fe7637b49680a8dc2d47,CO.5,0.46640257838280136
5760acdfb9a7fe7637b49680a8dc2d47,CO.6,0.4389038804631699
5760acdfb9a7fe7637b49680a8dc2d47,MG.1,0.12809274551110075
57f8507e4d21db8e15a04f96e618fb38,GMD.4,-0.17196265090095508
57f8507e4d21db8e15a04f96e618fb38,CO.5,-0.17196265090095508
57f8507e4d21db8e15a04f96e618fb38,CO.6,-0.17196265090095508
57f8507e4d21db8e15a04f96e618fb38,MG.1,0
5b376caf2913ef3a48a53e38cba2a2f0,GMD.4,-0.32649348205003403
5b376caf2913ef3a48a53e38cba2a2f0,CO.5,-0.2655888114937384
5b376caf2913ef3a48a53e38cba2a2f0,CO.6,-0.2628609323874197
5b376caf2913ef3a48a53e38cba2a2f0,MG.1,-0.16285722484260876
5d483abb3f27510378f2b7672e83bc1e,GMD.4,0.02778500364550779
5d483abb3f27510378f2b7672e83bc1e,CO.5,0.1197569490925645
5d483abb3f27510378f2b7672e83bc1e,CO.6,0.08466423956886275
5d483abb3f27510378f2b7672e83bc1e,MG.1,-0.0854935570577341
5dbb0c7e9eb3e307c96f39cfbc5f524b,GMD.4,0.109209678584341
5dbb0c7e9eb3e307c96f39cfbc5f524b,CO.5,0.12473189864202514
5dbb0c7e9eb3e307c96f39cfbc5f524b,CO.6,0.03631870623032826
5dbb0c7e9eb3e307c96f39cfbc5f524b,MG.1,-0.07061519679778447
5e186eef80240c4069112f359dadf9ef,GMD.4,0.6109250349395762
5e186eef80240c4069112f359dadf9ef,CO.5,0.5609207409051271
5e186eef80240c4069112f359dadf9ef,CO.6,0.5390691869721492
5e186eef80240c4069112f359dadf9ef,MG.1,0.15720701669834727
5e28d61160368358430cfe1efe123aa9,GMD.4,0.0097294603356111
5e28d61160368358430cfe1efe123aa9,CO.5,0.10757448212837588
5e28d61160368358430cfe1efe123aa9,CO.6,0.06701813640924154
5e28d61160368358430cfe1efe123aa9,MG.1,0.06023595772881064
62201eb12dcba7f781f1f2e75482e1ef,GMD.4,0.09971173491476416
62201eb12dcba7f781f1f2e75482e1ef,CO.5,0.14052961166676733
62201eb12dcba7f781f1f2e75482e1ef,CO.6,0.09971173491476416
62201eb12dcba7f781f1f2e75482e1ef,MG.1,0.05857326871525392
665004d343e4f13c0714a7d0e54d78de,GMD.4,-0.5951988093025264
665004d343e4f13c0714a7d0e54d78de,CO.5,-0.5951988093025264
665004d343e4f13c0714a7d0e54d78de,CO.6,-0.5951988093025264
665004d343e4f13c0714a7d0e54d78de,MG.1,0
6aaba2aceab47f1f4390af407db96c2b,GMD.4,0.30606071929607553
6aaba2aceab47f1f4390af407db96c2b,CO.5,0.28730997754620025
6aaba2aceab47f1f4390af407db96c2b,CO.6,0.3127900877665994
6aaba2aceab47f1f4390af407db96c2b,MG.1,-0.2761286342194087
6b9e327335e6ee0d123880dd0d537b0a,GMD.4,0.035380905877425387
6b9e327335e6ee0d123880dd0d537b0a,CO.5,0.035380905877425387
6b9e327335e6ee0d123880dd0d537b0a,CO.6,0.035380905877425387
6b9e327335e6ee0d123880dd0d537b0a,MG.1,0
6ee4b916ed4b2366f0c521b3379f7960,GMD.4,0.5104458599014126
6ee4b916ed4b2366f0c521b3379f7960,CO.5,0.4937606489421431
6ee4b916ed4b2366f0c521b3379f7960,CO.6,0.4778524413390746
6ee4b916ed4b2366f0c521b3379f7960,MG.1,0.055409251271219685
6f6b458eb58d511b0bc127cd67a81f84,GMD.4,0.5590957101637177
6f6b458eb58d511b0bc127cd67a81f84,CO.5,0.5086363636730975
6f6b458eb58d511b0bc127cd67a81f84,CO.6,0.4893466013498956
6f6b458eb58d511b0bc127cd67a81f84,MG.1,0.15550977904506674
73002223a76a57543bc0d9e92c685d21,GMD.4,-0.4489580597123714
73002223a76a57543bc0d9e92c685d21,CO.5,-0.3823713718410366
73002223a76a57543bc0d9e92c685d21,CO.6,-0.366418947118151
73002223a76a57543bc0d9e92c685d21,MG.1,-0.27259992447676007
7978544a75b7e49d6a5cfe95fe3ded56,GMD.4,-0.4366833090934614
7978544a75b7e49d6a5cfe95fe3ded56,CO.5,-0.42368345454818657
7978544a75b7e49d6a5cfe95fe3ded56,CO.6,-0.36817871790309653
7978544a75b7e49d6a5cfe95fe3ded56,MG.1,0.05723621108485215
7a2c3ba5b630c18ff35177361c93141b,GMD.4,0.49762175804618103
7a2c3ba5b630c18ff35177361c93141b,CO.5,0.4436741153771401
7a2c3ba5b630c18ff35177361c93141b,CO.6,0.42183825395542707
7a2c3ba5b630c18ff35177361c93141b,MG.1,0.15704624277929308
7ad6a5644dc189d2dd6b366b70f9cca9,GMD.4,0.32305047357736055
7ad6a5644dc189d2dd6b366b70f9cca9,CO.5,0.35593709922086264
7ad6a5644dc189d2dd6b366b70f9cca9,CO.6,0.33587148433881236
7ad6a5644dc189d2dd6b366b70f9cca9,MG.1,0.1433697610238083
7b9a493e34e392a009485838e8c3bfba,GMD.4,-0.10453136291320031
7b9a493e34e392a009485838e8c3bfba,CO.5,-0.10453136291320031
7b9a493e34e392a009485838e8c3bfba,CO.6,-0.10453136291320031
7b9a493e34e392a009485838e8c3bfba,MG.1,0
7efcb41a92a61b13280d8c19e2fef302,GMD.4,0.5537982923753066
7efcb41a92a61b13280d8c19e2fef302,CO.5,0.5040779957264185
7efcb41a92a61b13280d8c19e2fef302,CO.6,0.4821587242547394
7efcb41a92a61b13280d8c19e2fef302,MG.1,0.1307206644510644
86d2b048783ff0715f22a20e6e259ed3,GMD.4,-0.23159905371001932
86d2b048783ff0715f22a20e6e259ed3,CO.5,-0.16055641935294662
86d2b048783ff0715f22a20e6e259ed3,CO.6,-0.16055641935294662
86d2b048783ff0715f22a20e6e259ed3,MG.1,-0.14497732267214714
8b646f630d19b5df0e56ad347301a533,GMD.4,-0.09698057081605134
8b646f630d19b5df0e56ad347301a533,CO.5,-0.10063242990373093
8b646f630d19b5df0e56ad347301a533,CO.6,-0.04157415410426177
8b646f630d19b5df0e56ad347301a533,MG.1,-0.07305241672969734
8cec40ccb0fb360dd8828fa1d8843528,GMD.4,0.011880236730986805
8cec40ccb0fb360dd8828fa1d8843528,CO.5,0.07302791842155029
8cec40ccb0fb360dd8828fa1d8843528,CO.6,0.011880236730986805
8cec40ccb0fb360dd8828fa1d8843528,MG.1,0.05188215015794249
92477c49111067683732d8dfc987d006,GMD.4,0.3362510937697126
92477c49111067683732d8dfc987d006,CO.5,0.36756612825540963
92477c49111067683732d8dfc987d006,CO.6,0.34697467787540587
92477c49111067683732d8dfc987d006,MG.1,0.14876044208039568
947329e4045fb60fd62c6ee739583545,GMD.4,-0.5768245230796267
947329e4045fb60fd62c6ee739583545,CO.5,-0.5469101757532804
947329e4045fb60fd62c6ee739583545,CO.6,-0.5025202358073318
947329e4045fb60fd62c6ee739583545,MG.1,-0.0712096967607912
953ea80f89aa793f2d8a17d212646301,GMD.4,0.18405333154570072
953ea80f89aa793f2d8a17d212646301,CO.5,0.26022901711995916
953ea80f89aa793f2d8a17d212646301,CO.6,0.24531360123555143
953ea80f89aa793f2d8a17d212646301,MG.1,0.04580972018108736
a0734c7ec07d25795ad022c40f9e6ad8,GMD.4,-0.1629269700169825
a0734c7ec07d25795ad022c40f9e6ad8,CO.5,-0.1629269700169825
a0734c7ec07d25795ad022c40f9e6ad8,CO.6,-0.1629269700169825
a0734c7ec07d25795ad022c40f9e6ad8,MG.1,0
a139eff80ad1587e94570be61a28219e,GMD.4,0.24290195177286134
a139eff80ad1587e94570be61a28219e,CO.5,0.23324492180950157
a139eff80ad1587e94570be61a28219e,CO.6,0.21786074140328293
a139eff80ad1587e94570be61a28219e,MG.1,0.045289416301302655
a6f176cf29c7a3e3bf3fc3c2362ac8c8,GMD.4,0.47534155423196683
a6f176cf29c7a3e3bf3fc3c2362ac8c8,CO.5,0.4103880297298069
a6f176cf29c7a3e3bf3fc3c2362ac8c8,CO.6,0.39146584511180227
a6f176cf29c7a3e3bf3fc3c2362ac8c8,MG.1,0.14729896381842367
a8d110698c69055de0f594ab2956dde2,GMD.4,0.02073059999239489
a8d110698c69055de0f594ab2956dde2,CO.5,0.14537722438416104
a8d110698c69055de0f594ab2956dde2,CO.6,0.13106637616610645
a8d110698c69055de0f594ab2956dde2,MG.1,0.04326550622244024
a9381a5d6b310e58bb06df10c0a8bcfa,GMD.4,0.017341313713050883
a9381a5d6b310e58bb06df10c0a8bcfa,CO.5,0.028892269712238423
a9381a5d6b310e58bb06df10c0a8bcfa,CO.6,0.017341313713050883
a9381a5d6b310e58bb06df10c0a8bcfa,MG.1,0.04275497953381369
a9eac4d5476d2f20a263becdc89ca829,GMD.4,-0.17986725719283667
a9eac4d5476d2f20a263becdc89ca829,CO.5,-0.17986725719283667
a9eac4d5476d2f20a263becdc89ca829,CO.6,-0.17986725719283667
a9eac4d5476d2f20a263becdc89ca829,MG.1,-0.39295442251978463
b569f465acee475bc6eb06a288b823c7,GMD.4,-0.17738303588250726
b569f465acee475bc6eb06a288b823c7,CO.5,-0.17738303588250726
b569f465acee475bc6eb06a288b823c7,CO.6,-0.17738303588250726
b569f465acee475bc6eb06a288b823c7,MG.1,0
b7b6a911ecb48add616af2d2546f77de,GMD.4,0.22781839797046546
b7b6a911ecb48add616af2d2546f77de,CO.5,0.06400742685279773
b7b6a911ecb48add616af2d2546f77de,CO.6,0.13878080377638974
b7b6a911ecb48add616af2d2546f77de,MG.1,0.14189081136574144
be778b20fbbc034986feccd6f320585f,GMD.4,-0.005927102154014183
be778b20fbbc034986feccd6f320585f,CO.5,-0.08984552417598413
be778b20fbbc034986feccd6f320585f,CO.6,-0.005927102154014183
be778b20fbbc034986feccd6f320585f,MG.1,0.050748848961942525
be92bec7a507e83c33700633c0a59255,GMD.4,0.3018711290665688
be92bec7a507e83c33700633c0a59255,CO.5,0.2812732662317818
be92bec7a507e83c33700633c0a59255,CO.6,0.25944623939714256
be92bec7a507e83c33700633c0a59255,MG.1,0.04642453852892726
beecc47689704115072807cd992ddc7b,GMD.4,-0.371133151136811
beecc47689704115072807cd992ddc7b,CO.5,-0.16264764040922064
beecc47689704115072807cd992ddc7b,CO.6,-0.24937120321666853
beecc47689704115072807cd992ddc7b,MG.1,0.04680503906838717
bf0a784fe1efa01dc5a2e1ccd1f731fc,GMD.4,0.16061620933192527
bf0a784fe1efa01dc5a2e1ccd1f731fc,CO.5,0.20863425333590696
bf0a784fe1efa01dc5a2e1ccd1f731fc,CO.6,0.19347571832363467
bf0a784fe1efa01dc5a2e1ccd1f731fc,MG.1,-0.08546013567796583
ca35f06de1cb31608714f602522da941,GMD.4,-0.04716375288062542
ca35f06de1cb31608714f602522da941,CO.5,-0.013787354261750914
ca35f06de1cb31608714f602522da941,CO.6,-0.04716375288062542
ca35f06de1cb31608714f602522da941,MG.1,0.04465931233911137
cc9b0177c4af699f8c39c9f7126fa4a4,GMD.4,0.1684373950462736
cc9b0177c4af699f8c39c9f7126fa4a4,CO.5,0.23668549425539026
cc9b0177c4af699f8c39c9f7126fa4a4,CO.6,0.2226101569955612
cc9b0177c4af699f8c39c9f7126fa4a4,MG.1,0.043156404556671926
d2695d1ecd5266079525ebc7d197c5c2,GMD.4,0.3945437289409075
d2695d1ecd5266079525ebc7d197c5c2,CO.5,0.35832049330544247
d2695d1ecd5266079525ebc7d197c5c2,CO.6,0.342004482260589
d2695d1ecd5266079525ebc7d197c5c2,MG.1,-0.07402185755422888
d4fa4c2c02058f0323918427c09248bf,GMD.4,0.059660638850953886
d4fa4c2c02058f0323918427c09248bf,CO.5,0.018156837320135143
d4fa4c2c02058f0323918427c09248bf,CO.6,0.048946320181957874
d4fa4c2c02058f0323918427c09248bf,MG.1,-0.10566841823655478
e38b2dcc1efd0d9e05a0059b29939914,GMD.4,-0.1995784957842886
e38b2dcc1efd0d9e05a0059b29939914,CO.5,-0.08290716501912643
e38b2dcc1efd0d9e05a0059b29939914,CO.6,-0.11294308633524283
e38b2dcc1efd0d9e05a0059b29939914,MG.1,0.04287928683707961
e475e17ea1c7251d27d011af6111af63,GMD.4,-0.2800242365373785
e475e17ea1c7251d27d011af6111af63,CO.5,-0.39338419998725543
e475e17ea1c7251d27d011af6111af63,CO.6,-0.2800242365373785
e475e17ea1c7251d27d011af6111af63,MG.1,-0.17948822000544118
e70ebd06402419a86ba195a0da517c67,GMD.4,-0.1197072511456497
e70ebd06402419a86ba195a0da517c67,CO.5,-0.01758695518901655
e70ebd06402419a86ba195a0da517c67,CO.6,-0.01758695518901655
e70ebd06402419a86ba195a0da517c67,MG.1,0
e71fff89938ec1fe219e736fa36f8b6b,GMD.4,0.3389177517477611
e71fff89938ec1fe219e736fa36f8b6b,CO.5,0.3001673666327373
e71fff89938ec1fe219e736fa36f8b6b,CO.6,0.28157831172068387
e71fff89938ec1fe219e736fa36f8b6b,MG.1,0.044628468284897076
e94bcd5830a6a2d1e9af610edfdc52dc,GMD.4,0.18988264933138221
e94bcd5830a6a2d1e9af610edfdc52dc,CO.5,0.2515561658467423
e94bcd5830a6a2d1e9af610edfdc52dc,CO.6,0.22139390145544954
e94bcd5830a6a2d1e9af610edfdc52dc,MG.1,-0.048765418245880814
eb31edc705bc6a52f30c37c1622267cc,GMD.4,0.4292469435679119
eb31edc705bc6a52f30c37c1622267cc,CO.5,0.38010837086836746
eb31edc705bc6a52f30c37c1622267cc,CO.6,0.35548490101791114
eb31edc705bc6a52f30c37c1622267cc,MG.1,-0.03873555106369798
ecc47748b7ef0ae450de9371e64b0b5b,GMD.4,-0.04535281789466038
ecc47748b7ef0ae450de9371e64b0b5b,CO.5,-0.04535281789466038
ecc47748b7ef0ae450de9371e64b0b5b,CO.6,-0.04535281789466038
ecc47748b7ef0ae450de9371e64b0b5b,MG.1,0
ef0b43cdf2d6ac99ff1bf5c2284e932a,GMD.4,0.5415680652352178
ef0b43cdf2d6ac99ff1bf5c2284e932a,CO.5,0.4742725854910571
ef0b43cdf2d6ac99ff1bf5c2284e932a,CO.6,0.4555485334875306
ef0b43cdf2d6ac99ff1bf5c2284e932a,MG.1,0.18003368822107157
f22d5e004366e83c9eb106b13b21bc9d,GMD.4,-0.1450979504835609
f22d5e004366e83c9eb106b13b21bc9d,CO.5,-0.06733388633558786
f22d5e004366e83c9eb106b13b21bc9d,CO.6,-0.08193706236166097
f22d5e004366e83c9eb106b13b21bc9d,MG.1,-0.045685500476094106
f50c8d5d6414f0e64ef8c21973d0a6d6,GMD.4,0.31797802015358734
f50c8d5d6414f0e64ef8c21973d0a6d6,CO.5,0.32920400124876065
f50c8d5d6414f0e64ef8c21973d0a6d6,CO.6,0.31260995162245264
f50c8d5d6414f0e64ef8c21973d0a6d6,MG.1,0.17442457919215615
f520f6763fdb355659089797cfbd25e0,GMD.4,0.5266396908939228
f520f6763fdb355659089797cfbd25e0,CO.5,0.457992288773271
f520f6763fdb355659089797cfbd25e0,CO.6,0.44021432165111496
f520f6763fdb355659089797cfbd25e0,MG.1,0.16012408331958458
f69a717e8b17ef8d693def8d5a8f4993,GMD.4,-0.15785251467656028
f69a717e8b17ef8d693def8d5a8f4993,CO.5,-0.25294347924131566
f69a717e8b17ef8d693def8d5a8f4993,CO.6,-0.15785251467656028
f69a717e8b17ef8d693def8d5a8f4993,MG.1,0.0423951292452853
f7884fbfb9abf578e87729c0c6e4e9c6,GMD.4,-0.0903007248832011
f7884fbfb9abf578e87729c0c6e4e9c6,CO.5,-0.0903007248832011
f7884fbfb9abf578e87729c0c6e4e9c6,CO.6,-0.0903007248832011
f7884fbfb9abf578e87729c0c6e4e9c6,MG.1,0
fb039fa921dd55d1b7eb210d8a5f75fc,GMD.4,0.41340312423110626
fb039fa921dd55d1b7eb210d8a5f75fc,CO.5,0.3503465700323498
fb039fa921dd55d1b7eb210d8a5f75fc,CO.6,0.3324593066724101
fb039fa921dd55d1b7eb210d8a5f75fc,MG.1,0.146255021322352
fd934ef7ae0a2bc9ef543c6317cd3fd0,GMD.4,-0.1772197303488304
fd934ef7ae0a2bc9ef543c6317cd3fd0,CO.5,-0.1772197303488304
fd934ef7ae0a2bc9ef543c6317cd3fd0,CO.6,-0.1772197303488304
fd934ef7ae0a2bc9ef543c6317cd3fd0,MG.1,0
ffa946ca09448817699cabbb3dd78d56,GMD.4,0.2549454504648907
ffa946ca09448817699cabbb3dd78d56,CO.5,0.27958314274169793
ffa946ca09448817699cabbb3dd78d56,CO.6,0.26257280281053624
ffa946ca09448817699cabbb3dd78d56,MG.1,0.13504656663201212
