user,task_id,probability
12c90b2d277f87dffd14e56879987369,Bird Fez,0.7491616735475874
12c90b2d277f87dffd14e56879987369,Square Cross-Sections,0.590585790198649
1552ddb0e271a09b410dcd36ad33768c,1. One Box,0.97661964959874
1552ddb0e271a09b410dcd36ad33768c,2. Separated Boxes,0.9400654621969009
1552ddb0e271a09b410dcd36ad33768c,3. Rotate a Pyramid,0.9776420394423317
1552ddb0e271a09b410dcd36ad33768c,4. Match Silhouettes,0.9727221079759488
1552ddb0e271a09b410dcd36ad33768c,5. Removing Objects,0.9167075346809734
1552ddb0e271a09b410dcd36ad33768c,6. Stretch a Ramp,0.9481678999668749
1552ddb0e271a09b410dcd36ad33768c,7. Max 2 Boxes,0.9271243119899801
1552ddb0e271a09b410dcd36ad33768c,8. Combine 2 Ramps,0.8316129450918621
1c727a6e8a2e5c5a98471503c322d1b4,1. One Box,0.9803561692982462
1c727a6e8a2e5c5a98471503c322d1b4,2. Separated Boxes,0.9495940508871034
1c727a6e8a2e5c5a98471503c322d1b4,3. Rotate a Pyramid,0.9811802257959202
1c727a6e8a2e5c5a98471503c322d1b4,4. Match Silhouettes,0.9770293849754885
1c727a6e8a2e5c5a98471503c322d1b4,5. Removing Objects,0.9298131710540161
1c727a6e8a2e5c5a98471503c322d1b4,6. Stretch a Ramp,0.9562786506184702
1c727a6e8a2e5c5a98471503c322d1b4,7. Max 2 Boxes,0.9384943161779787
1c727a6e8a2e5c5a98471503c322d1b4,8. Combine 2 Ramps,0.8321279563168014
1c727a6e8a2e5c5a98471503c322d1b4,9. Scaling Round Objects,0.8635262770081672
1f32ee4bde190b6194c8d956ef958987,1. One Box,0.9868806534673752
1f32ee4bde190b6194c8d956ef958987,2. Separated Boxes,0.9660906597591153
1f32ee4bde190b6194c8d956ef958987,3. Rotate a Pyramid,0.9873664591341456
1f32ee4bde190b6194c8d956ef958987,4. Match Silhouettes,0.9845490617385823
1f32ee4bde190b6194c8d956ef958987,45-Degree Rotations,0.9070573977334788
1f32ee4bde190b6194c8d956ef958987,5. Removing Objects,0.9526504930249797
1f32ee4bde190b6194c8d956ef958987,6. Stretch a Ramp,0.9705202678834085
1f32ee4bde190b6194c8d956ef958987,7. Max 2 Boxes,0.9583010321742526
1f32ee4bde190b6194c8d956ef958987,8. Combine 2 Ramps,0.8836377496168214
1f32ee4bde190b6194c8d956ef958987,9. Scaling Round Objects,0.905267214075699
1f32ee4bde190b6194c8d956ef958987,Angled Silhouette,0.7710603856835982
1f32ee4bde190b6194c8d956ef958987,Bird Fez,0.8133093801848932
1f32ee4bde190b6194c8d956ef958987,Boxes Obscure Spheres,0.7251605872579497
1f32ee4bde190b6194c8d956ef958987,Bull Market,0.5131604631753677
1f32ee4bde190b6194c8d956ef958987,Few Clues,0.35676153837090346
1f32ee4bde190b6194c8d956ef958987,More Than Meets Your Eye,0.7897096670804562
1f32ee4bde190b6194c8d956ef958987,Not Bird,0.8375881720802433
1f32ee4bde190b6194c8d956ef958987,Object Limits,0.7559429910015945
1f32ee4bde190b6194c8d956ef958987,Pi Henge,0.9620049163221354
1f32ee4bde190b6194c8d956ef958987,Pyramids are Strange,0.8643207546495505
1f32ee4bde190b6194c8d956ef958987,Ramp Up and Can It,0.7316495513908672
1f32ee4bde190b6194c8d956ef958987,Square Cross-Sections,0.7858367705250614
1f32ee4bde190b6194c8d956ef958987,Stranger Shapes,0.723701440264475
1f32ee4bde190b6194c8d956ef958987,Sugar Cones,0.9127641539716917
1f32ee4bde190b6194c8d956ef958987,Tall and Small,0.73457278052961
1f32ee4bde190b6194c8d956ef958987,Unnecessary,0.8650427818140888
1f32ee4bde190b6194c8d956ef958987,Warm Up,0.9619407645319225
1f32ee4bde190b6194c8d956ef958987,Zzz,0.7632806416674583
1f53831aa8207f7fa53432515a1e6752,1. One Box,0.9745939201970922
1f53831aa8207f7fa53432515a1e6752,2. Separated Boxes,0.9359290001213685
1f53831aa8207f7fa53432515a1e6752,3. Rotate a Pyramid,0.975693509826174
1f53831aa8207f7fa53432515a1e6752,4. Match Silhouettes,0.9704195358512415
1f53831aa8207f7fa53432515a1e6752,5. Removing Objects,0.9120027515932156
1f53831aa8207f7fa53432515a1e6752,6. Stretch a Ramp,0.9444998719476191
1f53831aa8207f7fa53432515a1e6752,7. Max 2 Boxes,0.9228050025080151
1f53831aa8207f7fa53432515a1e6752,Bear Market,0.03156361055268698
1f53831aa8207f7fa53432515a1e6752,Few Clues,0.1744671136971123
1f53831aa8207f7fa53432515a1e6752,Pyramids are Strange,0.7559859976943963
1f53831aa8207f7fa53432515a1e6752,Stranger Shapes,0.5450398392682879
1f53831aa8207f7fa53432515a1e6752,Sugar Cones,0.8086110749569089
260b88947a587ebbb88ab3988c0cc484,1. One Box,0.9783238422035067
260b88947a587ebbb88ab3988c0cc484,2. Separated Boxes,0.9452988395951513
260b88947a587ebbb88ab3988c0cc484,3. Rotate a Pyramid,0.9792194577947073
260b88947a587ebbb88ab3988c0cc484,4. Match Silhouettes,0.9747002514764168
260b88947a587ebbb88ab3988c0cc484,45-Degree Rotations,0.8561476668680772
260b88947a587ebbb88ab3988c0cc484,5. Removing Objects,0.9257543743424793
260b88947a587ebbb88ab3988c0cc484,6. Stretch a Ramp,0.9531108185792281
260b88947a587ebbb88ab3988c0cc484,7. Max 2 Boxes,0.9347264949231829
260b88947a587ebbb88ab3988c0cc484,8. Combine 2 Ramps,0.8260220355760242
260b88947a587ebbb88ab3988c0cc484,9. Scaling Round Objects,0.8572581831651674
260b88947a587ebbb88ab3988c0cc484,Bird Fez,0.7683143551962569
260b88947a587ebbb88ab3988c0cc484,Boxes Obscure Spheres,0.6339787959273522
260b88947a587ebbb88ab3988c0cc484,Pi Henge,0.9443592293223765
260b88947a587ebbb88ab3988c0cc484,Pyramids are Strange,0.7470778763139897
260b88947a587ebbb88ab3988c0cc484,Square Cross-Sections,0.6609516013884071
263c55cbe89c59d5374540a90c0e9425,1. One Box,0.9816958315217968
263c55cbe89c59d5374540a90c0e9425,2. Separated Boxes,0.9537910976661437
263c55cbe89c59d5374540a90c0e9425,3. Rotate a Pyramid,0.982449286942551
263c55cbe89c59d5374540a90c0e9425,4. Match Silhouettes,0.9786324637617523
263c55cbe89c59d5374540a90c0e9425,45-Degree Rotations,0.8810946174570263
263c55cbe89c59d5374540a90c0e9425,5. Removing Objects,0.9372094997651043
263c55cbe89c59d5374540a90c0e9425,6. Stretch a Ramp,0.9603530575562167
263c55cbe89c59d5374540a90c0e9425,7. Max 2 Boxes,0.944818888888878
263c55cbe89c59d5374540a90c0e9425,8. Combine 2 Ramps,0.8528721301190489
263c55cbe89c59d5374540a90c0e9425,9. Scaling Round Objects,0.8794713140219577
263c55cbe89c59d5374540a90c0e9425,Angled Silhouette,0.726606188032925
263c55cbe89c59d5374540a90c0e9425,Bird Fez,0.7888016546213849
263c55cbe89c59d5374540a90c0e9425,Boxes Obscure Spheres,0.6380356274466814
263c55cbe89c59d5374540a90c0e9425,Object Limits,0.7141339491962485
263c55cbe89c59d5374540a90c0e9425,Pi Henge,0.9511612042175686
263c55cbe89c59d5374540a90c0e9425,Pyramids are Strange,0.7643782133442372
263c55cbe89c59d5374540a90c0e9425,Ramp Up and Can It,0.7016534319138062
263c55cbe89c59d5374540a90c0e9425,Square Cross-Sections,0.7441295060094691
263c55cbe89c59d5374540a90c0e9425,Stranger Shapes,0.6255793690028831
263c55cbe89c59d5374540a90c0e9425,Sugar Cones,0.8927644433031721
263c55cbe89c59d5374540a90c0e9425,Tall and Small,0.6922974982196259
263c55cbe89c59d5374540a90c0e9425,Warm Up,0.9490326220187413
2adf7f3a2239344ded1b5c1f960b1e9e,Square Cross-Sections,0.6958731488982257
2b0af0935243bf6aa00b6f7be5fdbabc,1. One Box,0.9785175102246904
2b0af0935243bf6aa00b6f7be5fdbabc,2. Separated Boxes,0.9463569548824086
2b0af0935243bf6aa00b6f7be5fdbabc,3. Rotate a Pyramid,0.9795290977208218
2b0af0935243bf6aa00b6f7be5fdbabc,4. Match Silhouettes,0.9751493467573047
2b0af0935243bf6aa00b6f7be5fdbabc,45-Degree Rotations,0.8671582542375198
2b0af0935243bf6aa00b6f7be5fdbabc,5. Removing Objects,0.9286393840510849
2b0af0935243bf6aa00b6f7be5fdbabc,6. Stretch a Ramp,0.9548325603057247
2b0af0935243bf6aa00b6f7be5fdbabc,7. Max 2 Boxes,0.9376127012999593
2b0af0935243bf6aa00b6f7be5fdbabc,8. Combine 2 Ramps,0.8386581996833186
2b0af0935243bf6aa00b6f7be5fdbabc,9. Scaling Round Objects,0.8679698324562797
2b0af0935243bf6aa00b6f7be5fdbabc,Angled Silhouette,0.7202128342987243
2b0af0935243bf6aa00b6f7be5fdbabc,Bird Fez,0.7763494839373546
2b0af0935243bf6aa00b6f7be5fdbabc,Boxes Obscure Spheres,0.6049653121128398
2b0af0935243bf6aa00b6f7be5fdbabc,Object Limits,0.6866719340649562
2b0af0935243bf6aa00b6f7be5fdbabc,Pi Henge,0.9465919569540966
2b0af0935243bf6aa00b6f7be5fdbabc,Pyramids are Strange,0.7366514693717576
2b0af0935243bf6aa00b6f7be5fdbabc,Square Cross-Sections,0.6965811217584854
2b0af0935243bf6aa00b6f7be5fdbabc,Warm Up,0.9397216057415404
2f0ac5ad17c9aa0ab1a3a01e8fea4ea8,1. One Box,0.9785851433665954
2f0ac5ad17c9aa0ab1a3a01e8fea4ea8,2. Separated Boxes,0.9467754741722759
2f0ac5ad17c9aa0ab1a3a01e8fea4ea8,3. Rotate a Pyramid,0.9795933946469336
2f0ac5ad17c9aa0ab1a3a01e8fea4ea8,4. Match Silhouettes,0.9752465237419276
2f0ac5ad17c9aa0ab1a3a01e8fea4ea8,45-Degree Rotations,0.8712628166074007
2f0ac5ad17c9aa0ab1a3a01e8fea4ea8,5. Removing Objects,0.9293779470499426
2f0ac5ad17c9aa0ab1a3a01e8fea4ea8,6. Stretch a Ramp,0.9551423218784763
2f0ac5ad17c9aa0ab1a3a01e8fea4ea8,7. Max 2 Boxes,0.9382267473407089
2f0ac5ad17c9aa0ab1a3a01e8fea4ea8,8. Combine 2 Ramps,0.8426325190723801
2f0ac5ad17c9aa0ab1a3a01e8fea4ea8,9. Scaling Round Objects,0.8708681488639647
2f0ac5ad17c9aa0ab1a3a01e8fea4ea8,Angled Silhouette,0.6694323903516948
2f0ac5ad17c9aa0ab1a3a01e8fea4ea8,Bear Market,0.04064923382266158
2f0ac5ad17c9aa0ab1a3a01e8fea4ea8,Bird Fez,0.796281659748293
2f0ac5ad17c9aa0ab1a3a01e8fea4ea8,Boxes Obscure Spheres,0.6616777973559341
2f0ac5ad17c9aa0ab1a3a01e8fea4ea8,Bull Market,0.5131770147750679
2f0ac5ad17c9aa0ab1a3a01e8fea4ea8,Few Clues,0.2134282608310695
2f0ac5ad17c9aa0ab1a3a01e8fea4ea8,More Than Meets Your Eye,0.7406501776708162
2f0ac5ad17c9aa0ab1a3a01e8fea4ea8,Not Bird,0.7953985211991897
2f0ac5ad17c9aa0ab1a3a01e8fea4ea8,Object Limits,0.7429071297921381
2f0ac5ad17c9aa0ab1a3a01e8fea4ea8,Orange Dance,0.12914214005690075
2f0ac5ad17c9aa0ab1a3a01e8fea4ea8,Pi Henge,0.9532276488012057
2f0ac5ad17c9aa0ab1a3a01e8fea4ea8,Pyramids are Strange,0.7772066908152122
2f0ac5ad17c9aa0ab1a3a01e8fea4ea8,Ramp Up and Can It,0.6133930277603983
2f0ac5ad17c9aa0ab1a3a01e8fea4ea8,Square Cross-Sections,0.7445458496136138
2f0ac5ad17c9aa0ab1a3a01e8fea4ea8,Stranger Shapes,0.6673811226647203
2f0ac5ad17c9aa0ab1a3a01e8fea4ea8,Sugar Cones,0.899221708941585
2f0ac5ad17c9aa0ab1a3a01e8fea4ea8,Tall and Small,0.7242954756455062
2f0ac5ad17c9aa0ab1a3a01e8fea4ea8,Unnecessary,0.8394732281005315
2f0ac5ad17c9aa0ab1a3a01e8fea4ea8,Warm Up,0.9530874865546491
2f0ac5ad17c9aa0ab1a3a01e8fea4ea8,Zzz,0.7359007775103018
2fc80637fca670560429037eb31234b6,1. One Box,0.9786520778130494
2fc80637fca670560429037eb31234b6,2. Separated Boxes,0.9471859247948458
2fc80637fca670560429037eb31234b6,3. Rotate a Pyramid,0.9796570272810402
2fc80637fca670560429037eb31234b6,4. Match Silhouettes,0.97534253282405
2fc80637fca670560429037eb31234b6,5. Removing Objects,0.928735262219337
2fc80637fca670560429037eb31234b6,6. Stretch a Ramp,0.9545836001268918
2fc80637fca670560429037eb31234b6,7. Max 2 Boxes,0.9376863533896284
2fc80637fca670560429037eb31234b6,8. Combine 2 Ramps,0.843903972666815
2fc80637fca670560429037eb31234b6,9. Scaling Round Objects,0.8716377631096761
2fc80637fca670560429037eb31234b6,Angled Silhouette,0.6574434147069323
2fc80637fca670560429037eb31234b6,Bear Market,0.03429589248175502
2fc80637fca670560429037eb31234b6,Bird Fez,0.7910905219701996
2fc80637fca670560429037eb31234b6,Boxes Obscure Spheres,0.6359524007315812
2fc80637fca670560429037eb31234b6,Object Limits,0.683695871694212
2fc80637fca670560429037eb31234b6,Square Cross-Sections,0.6706487599784658
2fc80637fca670560429037eb31234b6,Stranger Shapes,0.6048345788055532
2fc80637fca670560429037eb31234b6,Sugar Cones,0.8631201779770354
2fc80637fca670560429037eb31234b6,Tall and Small,0.6712051715692341
2fc80637fca670560429037eb31234b6,Warm Up,0.9270870323765302
34df13a769b46a72178b5495e12030ff,1. One Box,0.9787183248807308
34df13a769b46a72178b5495e12030ff,2. Separated Boxes,0.9475885390963423
34df13a769b46a72178b5495e12030ff,3. Rotate a Pyramid,0.9797200060973761
34df13a769b46a72178b5495e12030ff,4. Match Silhouettes,0.9754373954761346
34df13a769b46a72178b5495e12030ff,5. Removing Objects,0.929509668711613
34df13a769b46a72178b5495e12030ff,6. Stretch a Ramp,0.9549225885491429
34df13a769b46a72178b5495e12030ff,7. Max 2 Boxes,0.938330985412131
34df13a769b46a72178b5495e12030ff,8. Combine 2 Ramps,0.8476888538688887
34df13a769b46a72178b5495e12030ff,9. Scaling Round Objects,0.8503405248516558
34df13a769b46a72178b5495e12030ff,Square Cross-Sections,0.7231622602800203
3d992da5acb90d3c9b53b9684d648306,1. One Box,0.978783895639557
3d992da5acb90d3c9b53b9684d648306,2. Separated Boxes,0.9479835406302616
3d992da5acb90d3c9b53b9684d648306,3. Rotate a Pyramid,0.9797823413592759
3d992da5acb90d3c9b53b9684d648306,4. Match Silhouettes,0.9755311326535011
3d992da5acb90d3c9b53b9684d648306,45-Degree Rotations,0.8750823340211713
3d992da5acb90d3c9b53b9684d648306,5. Removing Objects,0.931603110265838
3d992da5acb90d3c9b53b9684d648306,6. Stretch a Ramp,0.9561081144649346
3d992da5acb90d3c9b53b9684d648306,7. Max 2 Boxes,0.9400809913852752
3d992da5acb90d3c9b53b9684d648306,8. Combine 2 Ramps,0.853706708539355
3d992da5acb90d3c9b53b9684d648306,9. Scaling Round Objects,0.8562767845010879
3d992da5acb90d3c9b53b9684d648306,Angled Silhouette,0.7157679861876528
3d992da5acb90d3c9b53b9684d648306,Bear Market,0.039108744061459644
3d992da5acb90d3c9b53b9684d648306,Bird Fez,0.7839486602538884
3d992da5acb90d3c9b53b9684d648306,Boxes Obscure Spheres,0.6704621980769757
3d992da5acb90d3c9b53b9684d648306,Bull Market,0.5993441001338392
3d992da5acb90d3c9b53b9684d648306,Few Clues,0.21139500576908996
3d992da5acb90d3c9b53b9684d648306,More Than Meets Your Eye,0.8040037729657512
3d992da5acb90d3c9b53b9684d648306,Not Bird,0.8459087847843388
3d992da5acb90d3c9b53b9684d648306,Object Limits,0.8129537288191726
3d992da5acb90d3c9b53b9684d648306,Orange Dance,0.1453966727293421
3d992da5acb90d3c9b53b9684d648306,Pi Henge,0.9579390903611066
3d992da5acb90d3c9b53b9684d648306,Pyramids are Strange,0.8207984515906299
3d992da5acb90d3c9b53b9684d648306,Ramp Up and Can It,0.7026801719938205
3d992da5acb90d3c9b53b9684d648306,Square Cross-Sections,0.7755863520009381
3d992da5acb90d3c9b53b9684d648306,Stranger Shapes,0.762576255019174
3d992da5acb90d3c9b53b9684d648306,Sugar Cones,0.9209038173086531
3d992da5acb90d3c9b53b9684d648306,Tall and Small,0.7281862438794457
3d992da5acb90d3c9b53b9684d648306,Unnecessary,0.872899697149654
3d992da5acb90d3c9b53b9684d648306,Warm Up,0.9621329921835486
3d992da5acb90d3c9b53b9684d648306,Zzz,0.7929136296119932
48e2fa8526344763b562fc7318987b5f,1. One Box,0.978848800919413
48e2fa8526344763b562fc7318987b5f,2. Separated Boxes,0.9483711445668961
48e2fa8526344763b562fc7318987b5f,Bear Market,0.04252487349790948
48e2fa8526344763b562fc7318987b5f,Bull Market,0.5881768504223854
48e2fa8526344763b562fc7318987b5f,Few Clues,0.20774139021444046
48e2fa8526344763b562fc7318987b5f,More Than Meets Your Eye,0.7409655315653717
48e2fa8526344763b562fc7318987b5f,Not Bird,0.7945390434191913
48e2fa8526344763b562fc7318987b5f,Orange Dance,0.0913865551046417
48e2fa8526344763b562fc7318987b5f,Ramp Up and Can It,0.6332264875541466
48e2fa8526344763b562fc7318987b5f,Unnecessary,0.81552129635013
48e2fa8526344763b562fc7318987b5f,Zzz,0.7212449833189246
5092a4247d0b049bf77e89d824c535a4,1. One Box,0.9789130513166587
5092a4247d0b049bf77e89d824c535a4,2. Separated Boxes,0.9408774923752444
5092a4247d0b049bf77e89d824c535a4,3. Rotate a Pyramid,0.9798719603549384
5092a4247d0b049bf77e89d824c535a4,4. Match Silhouettes,0.9756572616132616
5092a4247d0b049bf77e89d824c535a4,5. Removing Objects,0.9310765022649208
5092a4247d0b049bf77e89d824c535a4,6. Stretch a Ramp,0.9556339755317991
5760acdfb9a7fe7637b49680a8dc2d47,1. One Box,0.9789766572004285
5760acdfb9a7fe7637b49680a8dc2d47,2. Separated Boxes,0.9413702352220673
5760acdfb9a7fe7637b49680a8dc2d47,3. Rotate a Pyramid,0.9799324507222112
5760acdfb9a7fe7637b49680a8dc2d47,4. Match Silhouettes,0.975748056775433
5760acdfb9a7fe7637b49680a8dc2d47,45-Degree Rotations,0.8788281095114419
5760acdfb9a7fe7637b49680a8dc2d47,5. Removing Objects,0.9330639543475028
5760acdfb9a7fe7637b49680a8dc2d47,6. Stretch a Ramp,0.9488926138150242
5760acdfb9a7fe7637b49680a8dc2d47,7. Max 2 Boxes,0.9407671859146769
5760acdfb9a7fe7637b49680a8dc2d47,8. Combine 2 Ramps,0.8572419096322027
5760acdfb9a7fe7637b49680a8dc2d47,9. Scaling Round Objects,0.8598941475246912
5760acdfb9a7fe7637b49680a8dc2d47,Angled Silhouette,0.7340420482379445
5760acdfb9a7fe7637b49680a8dc2d47,Bear Market,0.05679426289409088
5760acdfb9a7fe7637b49680a8dc2d47,Bird Fez,0.7810240124546498
5760acdfb9a7fe7637b49680a8dc2d47,Boxes Obscure Spheres,0.6611898705401951
5760acdfb9a7fe7637b49680a8dc2d47,Bull Market,0.6908744131868206
5760acdfb9a7fe7637b49680a8dc2d47,Few Clues,0.37455680779135514
5760acdfb9a7fe7637b49680a8dc2d47,More Than Meets Your Eye,0.8143744892577126
5760acdfb9a7fe7637b49680a8dc2d47,Not Bird,0.8487366413629162
5760acdfb9a7fe7637b49680a8dc2d47,Object Limits,0.7978754428183685
5760acdfb9a7fe7637b49680a8dc2d47,Orange Dance,0.11294708388940536
5760acdfb9a7fe7637b49680a8dc2d47,Pi Henge,0.9547647982141199
5760acdfb9a7fe7637b49680a8dc2d47,Pyramids are Strange,0.8051967941243706
5760acdfb9a7fe7637b49680a8dc2d47,Ramp Up and Can It,0.7325980776647518
5760acdfb9a7fe7637b49680a8dc2d47,Square Cross-Sections,0.7562687799366624
5760acdfb9a7fe7637b49680a8dc2d47,Stranger Shapes,0.7497643091671317
5760acdfb9a7fe7637b49680a8dc2d47,Sugar Cones,0.9114021390137731
5760acdfb9a7fe7637b49680a8dc2d47,Tall and Small,0.7203260649897361
5760acdfb9a7fe7637b49680a8dc2d47,Unnecessary,0.8750785377207919
5760acdfb9a7fe7637b49680a8dc2d47,Warm Up,0.9568757383711515
5760acdfb9a7fe7637b49680a8dc2d47,Zzz,0.8087656624075065
57f8507e4d21db8e15a04f96e618fb38,1. One Box,0.9790396287187245
57f8507e4d21db8e15a04f96e618fb38,2. Separated Boxes,0.9418530524545483
57f8507e4d21db8e15a04f96e618fb38,3. Rotate a Pyramid,0.9799923440031536
57f8507e4d21db8e15a04f96e618fb38,4. Match Silhouettes,0.9758378088318348
57f8507e4d21db8e15a04f96e618fb38,5. Removing Objects,0.932476163618185
57f8507e4d21db8e15a04f96e618fb38,6. Stretch a Ramp,0.9483638410287175
57f8507e4d21db8e15a04f96e618fb38,7. Max 2 Boxes,0.9402793557408085
57f8507e4d21db8e15a04f96e618fb38,8. Combine 2 Ramps,0.8581598784976894
57f8507e4d21db8e15a04f96e618fb38,Square Cross-Sections,0.6764727397971365
5b376caf2913ef3a48a53e38cba2a2f0,1. One Box,0.9791019758043155
5b376caf2913ef3a48a53e38cba2a2f0,2. Separated Boxes,0.9423262414375084
5b376caf2913ef3a48a53e38cba2a2f0,3. Rotate a Pyramid,0.9800516490321955
5b376caf2913ef3a48a53e38cba2a2f0,4. Match Silhouettes,0.9759265359524312
5b376caf2913ef3a48a53e38cba2a2f0,45-Degree Rotations,0.8822001373267423
5b376caf2913ef3a48a53e38cba2a2f0,5. Removing Objects,0.9343716667053072
5b376caf2913ef3a48a53e38cba2a2f0,6. Stretch a Ramp,0.9497050648029106
5b376caf2913ef3a48a53e38cba2a2f0,7. Max 2 Boxes,0.941882958336532
5b376caf2913ef3a48a53e38cba2a2f0,8. Combine 2 Ramps,0.8401452152193524
5b376caf2913ef3a48a53e38cba2a2f0,9. Scaling Round Objects,0.8633684043559988
5b376caf2913ef3a48a53e38cba2a2f0,Angled Silhouette,0.7503724914568504
5b376caf2913ef3a48a53e38cba2a2f0,Bird Fez,0.7899183589973527
5b376caf2913ef3a48a53e38cba2a2f0,Boxes Obscure Spheres,0.6725328367142202
5b376caf2913ef3a48a53e38cba2a2f0,Object Limits,0.7591018417679107
5b376caf2913ef3a48a53e38cba2a2f0,Pi Henge,0.9380736197635687
5b376caf2913ef3a48a53e38cba2a2f0,Pyramids are Strange,0.7467337381244634
5b376caf2913ef3a48a53e38cba2a2f0,Ramp Up and Can It,0.6775522274443196
5b376caf2913ef3a48a53e38cba2a2f0,Square Cross-Sections,0.6374522163345807
5b376caf2913ef3a48a53e38cba2a2f0,Stranger Shapes,0.6692403001795193
5b376caf2913ef3a48a53e38cba2a2f0,Sugar Cones,0.8583969887247288
5b376caf2913ef3a48a53e38cba2a2f0,Tall and Small,0.6054315165754064
5b376caf2913ef3a48a53e38cba2a2f0,Warm Up,0.9140893457125477
5d483abb3f27510378f2b7672e83bc1e,45-Degree Rotations,0.8830500080959807
5d483abb3f27510378f2b7672e83bc1e,Angled Silhouette,0.748697649649008
5d483abb3f27510378f2b7672e83bc1e,Bear Market,0.05174345799139523
5d483abb3f27510378f2b7672e83bc1e,Bird Fez,0.7510641974409419
5d483abb3f27510378f2b7672e83bc1e,Boxes Obscure Spheres,0.6241281724816347
5d483abb3f27510378f2b7672e83bc1e,Bull Market,0.722409700954956
5d483abb3f27510378f2b7672e83bc1e,More Than Meets Your Eye,0.8005561709434112
5d483abb3f27510378f2b7672e83bc1e,Not Bird,0.8349148527559903
5d483abb3f27510378f2b7672e83bc1e,Object Limits,0.7085540073874059
5d483abb3f27510378f2b7672e83bc1e,Orange Dance,0.08233539038987372
5d483abb3f27510378f2b7672e83bc1e,Pi Henge,0.9440522548853055
5d483abb3f27510378f2b7672e83bc1e,Pyramids are Strange,0.7781011127780103
5d483abb3f27510378f2b7672e83bc1e,Ramp Up and Can It,0.628248960362778
5d483abb3f27510378f2b7672e83bc1e,Square Cross-Sections,0.7033623898830133
5d483abb3f27510378f2b7672e83bc1e,Stranger Shapes,0.6648489265566023
5d483abb3f27510378f2b7672e83bc1e,Sugar Cones,0.8647044262226692
5d483abb3f27510378f2b7672e83bc1e,Tall and Small,0.6484763028512123
5d483abb3f27510378f2b7672e83bc1e,Unnecessary,0.8594424406812925
5d483abb3f27510378f2b7672e83bc1e,Warm Up,0.9447345087550748
5d483abb3f27510378f2b7672e83bc1e,Zzz,0.7745537906840483
5dbb0c7e9eb3e307c96f39cfbc5f524b,1. One Box,0.9791637081804474
5dbb0c7e9eb3e307c96f39cfbc5f524b,2. Separated Boxes,0.942790087856874
5dbb0c7e9eb3e307c96f39cfbc5f524b,3. Rotate a Pyramid,0.9801103744847331
5dbb0c7e9eb3e307c96f39cfbc5f524b,4. Match Silhouettes,0.9760142559005645
5dbb0c7e9eb3e307c96f39cfbc5f524b,45-Degree Rotations,0.888471153294341
5dbb0c7e9eb3e307c96f39cfbc5f524b,5. Removing Objects,0.9349500341462094
5dbb0c7e9eb3e307c96f39cfbc5f524b,6. Stretch a Ramp,0.9500592796873348
5dbb0c7e9eb3e307c96f39cfbc5f524b,7. Max 2 Boxes,0.9423757601031802
5dbb0c7e9eb3e307c96f39cfbc5f524b,8. Combine 2 Ramps,0.8438658870772903
5dbb0c7e9eb3e307c96f39cfbc5f524b,9. Scaling Round Objects,0.8663199847852862
5dbb0c7e9eb3e307c96f39cfbc5f524b,Angled Silhouette,0.7782967054554123
5dbb0c7e9eb3e307c96f39cfbc5f524b,Bear Market,0.0540324410399002
5dbb0c7e9eb3e307c96f39cfbc5f524b,Bird Fez,0.7676487098636514
5dbb0c7e9eb3e307c96f39cfbc5f524b,Boxes Obscure Spheres,0.6622436128517605
5dbb0c7e9eb3e307c96f39cfbc5f524b,Bull Market,0.6401748437679212
5dbb0c7e9eb3e307c96f39cfbc5f524b,Few Clues,0.450644476463121
5dbb0c7e9eb3e307c96f39cfbc5f524b,More Than Meets Your Eye,0.8327090861776726
5dbb0c7e9eb3e307c96f39cfbc5f524b,Not Bird,0.7723640406412378
5dbb0c7e9eb3e307c96f39cfbc5f524b,Object Limits,0.7345662783415671
5dbb0c7e9eb3e307c96f39cfbc5f524b,Orange Dance,0.0807570162463088
5dbb0c7e9eb3e307c96f39cfbc5f524b,Pi Henge,0.9458899579892749
5dbb0c7e9eb3e307c96f39cfbc5f524b,Pyramids are Strange,0.7925491005928211
5dbb0c7e9eb3e307c96f39cfbc5f524b,Ramp Up and Can It,0.672212582048306
5dbb0c7e9eb3e307c96f39cfbc5f524b,Square Cross-Sections,0.7158682783911889
5dbb0c7e9eb3e307c96f39cfbc5f524b,Stranger Shapes,0.6912672982162472
5dbb0c7e9eb3e307c96f39cfbc5f524b,Sugar Cones,0.8675665303500234
5dbb0c7e9eb3e307c96f39cfbc5f524b,Tall and Small,0.6731528623465118
5dbb0c7e9eb3e307c96f39cfbc5f524b,Unnecessary,0.775883104038869
5dbb0c7e9eb3e307c96f39cfbc5f524b,Warm Up,0.9452805566722949
5dbb0c7e9eb3e307c96f39cfbc5f524b,Zzz,0.6989991023837557
5e186eef80240c4069112f359dadf9ef,1. One Box,0.979224835366373
5e186eef80240c4069112f359dadf9ef,2. Separated Boxes,0.9432448662831201
5e186eef80240c4069112f359dadf9ef,3. Rotate a Pyramid,0.9801685288798331
5e186eef80240c4069112f359dadf9ef,4. Match Silhouettes,0.9761009860434409
5e186eef80240c4069112f359dadf9ef,45-Degree Rotations,0.8913096498671883
5e186eef80240c4069112f359dadf9ef,5. Removing Objects,0.9355497766771249
5e186eef80240c4069112f359dadf9ef,6. Stretch a Ramp,0.9504331877226214
5e186eef80240c4069112f359dadf9ef,7. Max 2 Boxes,0.9428877603391418
5e186eef80240c4069112f359dadf9ef,8. Combine 2 Ramps,0.8474815463934158
5e186eef80240c4069112f359dadf9ef,9. Scaling Round Objects,0.8692000371931083
5e186eef80240c4069112f359dadf9ef,Angled Silhouette,0.7896524380752311
5e186eef80240c4069112f359dadf9ef,Bear Market,0.05275083576575924
5e186eef80240c4069112f359dadf9ef,Bird Fez,0.7765184350265454
5e186eef80240c4069112f359dadf9ef,Boxes Obscure Spheres,0.6816040960239997
5e186eef80240c4069112f359dadf9ef,Bull Market,0.5555139320701558
5e186eef80240c4069112f359dadf9ef,Few Clues,0.5394289206618488
5e186eef80240c4069112f359dadf9ef,More Than Meets Your Eye,0.7768661863398667
5e186eef80240c4069112f359dadf9ef,Not Bird,0.7308740727965889
5e186eef80240c4069112f359dadf9ef,Object Limits,0.7962138838692676
5e186eef80240c4069112f359dadf9ef,Orange Dance,0.09795136262998302
5e186eef80240c4069112f359dadf9ef,Pi Henge,0.9596169190630057
5e186eef80240c4069112f359dadf9ef,Pyramids are Strange,0.852115523313235
5e186eef80240c4069112f359dadf9ef,Ramp Up and Can It,0.7723225234342548
5e186eef80240c4069112f359dadf9ef,Square Cross-Sections,0.789177296151142
5e186eef80240c4069112f359dadf9ef,Stranger Shapes,0.7784852102058651
5e186eef80240c4069112f359dadf9ef,Sugar Cones,0.9044133523857847
5e186eef80240c4069112f359dadf9ef,Tall and Small,0.685973876837859
5e186eef80240c4069112f359dadf9ef,Unnecessary,0.8538125433315512
5e186eef80240c4069112f359dadf9ef,Warm Up,0.9633479288712401
5e186eef80240c4069112f359dadf9ef,Zzz,0.7113760768412437
5e28d61160368358430cfe1efe123aa9,1. One Box,0.9792853666827059
5e28d61160368358430cfe1efe123aa9,2. Separated Boxes,0.9436908407026398
5e28d61160368358430cfe1efe123aa9,3. Rotate a Pyramid,0.9802261205829421
5e28d61160368358430cfe1efe123aa9,4. Match Silhouettes,0.9761867433623457
5e28d61160368358430cfe1efe123aa9,45-Degree Rotations,0.8939952409736552
5e28d61160368358430cfe1efe123aa9,5. Removing Objects,0.936137449753674
5e28d61160368358430cfe1efe123aa9,6. Stretch a Ramp,0.9508009058818057
5e28d61160368358430cfe1efe123aa9,7. Max 2 Boxes,0.9433896096103733
5e28d61160368358430cfe1efe123aa9,8. Combine 2 Ramps,0.8509306673985211
5e28d61160368358430cfe1efe123aa9,9. Scaling Round Objects,0.871954056238976
5e28d61160368358430cfe1efe123aa9,Angled Silhouette,0.7999347304469999
5e28d61160368358430cfe1efe123aa9,Bear Market,0.05154601089098285
5e28d61160368358430cfe1efe123aa9,Bird Fez,0.7847749070231735
5e28d61160368358430cfe1efe123aa9,Boxes Obscure Spheres,0.6991711231084212
5e28d61160368358430cfe1efe123aa9,Object Limits,0.7848437479637087
5e28d61160368358430cfe1efe123aa9,Pi Henge,0.9507224021364018
5e28d61160368358430cfe1efe123aa9,Pyramids are Strange,0.8104186450277596
5e28d61160368358430cfe1efe123aa9,Square Cross-Sections,0.732743371455494
5e28d61160368358430cfe1efe123aa9,Stranger Shapes,0.7263107900659401
5e28d61160368358430cfe1efe123aa9,Warm Up,0.9423023233589676
62201eb12dcba7f781f1f2e75482e1ef,1. One Box,0.9793453112566075
62201eb12dcba7f781f1f2e75482e1ef,2. Separated Boxes,0.9441282650191374
62201eb12dcba7f781f1f2e75482e1ef,3. Rotate a Pyramid,0.9802831578085935
62201eb12dcba7f781f1f2e75482e1ef,4. Match Silhouettes,0.9762715444625915
62201eb12dcba7f781f1f2e75482e1ef,45-Degree Rotations,0.8965396806594553
62201eb12dcba7f781f1f2e75482e1ef,5. Removing Objects,0.93671333784377
62201eb12dcba7f781f1f2e75482e1ef,6. Stretch a Ramp,0.9511625251878708
62201eb12dcba7f781f1f2e75482e1ef,7. Max 2 Boxes,0.9438815417253692
62201eb12dcba7f781f1f2e75482e1ef,8. Combine 2 Ramps,0.8542238834240338
62201eb12dcba7f781f1f2e75482e1ef,9. Scaling Round Objects,0.874589742770274
62201eb12dcba7f781f1f2e75482e1ef,Bird Fez,0.7909126238459632
62201eb12dcba7f781f1f2e75482e1ef,Boxes Obscure Spheres,0.7114078654895618
62201eb12dcba7f781f1f2e75482e1ef,Object Limits,0.7373251642858223
62201eb12dcba7f781f1f2e75482e1ef,Pi Henge,0.9507853168039742
62201eb12dcba7f781f1f2e75482e1ef,Pyramids are Strange,0.814922300932186
62201eb12dcba7f781f1f2e75482e1ef,Square Cross-Sections,0.7390562803943205
665004d343e4f13c0714a7d0e54d78de,1. One Box,0.97940467802681
665004d343e4f13c0714a7d0e54d78de,2. Separated Boxes,0.944557383526988
665004d343e4f13c0714a7d0e54d78de,3. Rotate a Pyramid,0.9803396486231064
665004d343e4f13c0714a7d0e54d78de,4. Match Silhouettes,0.971773841795703
665004d343e4f13c0714a7d0e54d78de,5. Removing Objects,0.9115321356617054
665004d343e4f13c0714a7d0e54d78de,6. Stretch a Ramp,0.9200580588507364
665004d343e4f13c0714a7d0e54d78de,8. Combine 2 Ramps,0.7785059073282562
665004d343e4f13c0714a7d0e54d78de,Bear Market,0.02517211067465687
6aaba2aceab47f1f4390af407db96c2b,1. One Box,0.9794634757484864
6aaba2aceab47f1f4390af407db96c2b,2. Separated Boxes,0.9449784313583608
6aaba2aceab47f1f4390af407db96c2b,3. Rotate a Pyramid,0.9772384907587631
6aaba2aceab47f1f4390af407db96c2b,4. Match Silhouettes,0.9725901490850684
6aaba2aceab47f1f4390af407db96c2b,5. Removing Objects,0.927168614651306
6aaba2aceab47f1f4390af407db96c2b,6. Stretch a Ramp,0.9515135332752886
6aaba2aceab47f1f4390af407db96c2b,7. Max 2 Boxes,0.943660214850978
6aaba2aceab47f1f4390af407db96c2b,8. Combine 2 Ramps,0.8377121973178135
6aaba2aceab47f1f4390af407db96c2b,9. Scaling Round Objects,0.8761170480418835
6aaba2aceab47f1f4390af407db96c2b,Bear Market,0.04828174007877506
6aaba2aceab47f1f4390af407db96c2b,Bird Fez,0.7970567597253003
6aaba2aceab47f1f4390af407db96c2b,Bull Market,0.6032937228660336
6aaba2aceab47f1f4390af407db96c2b,Few Clues,0.5723721901327188
6aaba2aceab47f1f4390af407db96c2b,More Than Meets Your Eye,0.7497123015351884
6aaba2aceab47f1f4390af407db96c2b,Not Bird,0.7040561583699844
6aaba2aceab47f1f4390af407db96c2b,Orange Dance,0.11858030990144906
6aaba2aceab47f1f4390af407db96c2b,Pi Henge,0.9507324832349484
6aaba2aceab47f1f4390af407db96c2b,Ramp Up and Can It,0.7302775854606378
6aaba2aceab47f1f4390af407db96c2b,Square Cross-Sections,0.7614771844513687
6aaba2aceab47f1f4390af407db96c2b,Stranger Shapes,0.6856812159477995
6aaba2aceab47f1f4390af407db96c2b,Sugar Cones,0.8800115056238942
6aaba2aceab47f1f4390af407db96c2b,Tall and Small,0.6521238707815794
6aaba2aceab47f1f4390af407db96c2b,Unnecessary,0.8268900752608154
6aaba2aceab47f1f4390af407db96c2b,Zzz,0.6827439994034482
6b9e327335e6ee0d123880dd0d537b0a,1. One Box,0.979521712997966
6b9e327335e6ee0d123880dd0d537b0a,2. Separated Boxes,0.9453916349057754
6b9e327335e6ee0d123880dd0d537b0a,3. Rotate a Pyramid,0.9773132661725914
6b9e327335e6ee0d123880dd0d537b0a,4. Match Silhouettes,0.9727010358067454
6b9e327335e6ee0d123880dd0d537b0a,5. Removing Objects,0.9279331091008465
6ee4b916ed4b2366f0c521b3379f7960,1. One Box,0.9795793981773087
6ee4b916ed4b2366f0c521b3379f7960,2. Separated Boxes,0.9457972122216458
6ee4b916ed4b2366f0c521b3379f7960,3. Rotate a Pyramid,0.9773872651238489
6ee4b916ed4b2366f0c521b3379f7960,4. Match Silhouettes,0.9728105894412693
6ee4b916ed4b2366f0c521b3379f7960,45-Degree Rotations,0.8990336818751906
6ee4b916ed4b2366f0c521b3379f7960,5. Removing Objects,0.9297856021748735
6ee4b916ed4b2366f0c521b3379f7960,6. Stretch a Ramp,0.9526014313293569
6ee4b916ed4b2366f0c521b3379f7960,7. Max 2 Boxes,0.9449752860477949
6ee4b916ed4b2366f0c521b3379f7960,8. Combine 2 Ramps,0.8435552914631568
6ee4b916ed4b2366f0c521b3379f7960,9. Scaling Round Objects,0.8800752738581878
6ee4b916ed4b2366f0c521b3379f7960,Angled Silhouette,0.809561711307934
6ee4b916ed4b2366f0c521b3379f7960,Bear Market,0.04913175150411641
6ee4b916ed4b2366f0c521b3379f7960,Bird Fez,0.8169133463215794
6ee4b916ed4b2366f0c521b3379f7960,Boxes Obscure Spheres,0.7552555552210669
6ee4b916ed4b2366f0c521b3379f7960,More Than Meets Your Eye,0.8185605059684994
6ee4b916ed4b2366f0c521b3379f7960,Not Bird,0.7854297237529304
6ee4b916ed4b2366f0c521b3379f7960,Object Limits,0.7298368205910837
6ee4b916ed4b2366f0c521b3379f7960,Orange Dance,0.22443411321484316
6ee4b916ed4b2366f0c521b3379f7960,Pi Henge,0.9467880481129775
6ee4b916ed4b2366f0c521b3379f7960,Pyramids are Strange,0.859982692177496
6ee4b916ed4b2366f0c521b3379f7960,Ramp Up and Can It,0.7942674004805909
6ee4b916ed4b2366f0c521b3379f7960,Square Cross-Sections,0.8077100918831088
6ee4b916ed4b2366f0c521b3379f7960,Stranger Shapes,0.7522338016167777
6ee4b916ed4b2366f0c521b3379f7960,Sugar Cones,0.9041192033240615
6ee4b916ed4b2366f0c521b3379f7960,Tall and Small,0.7238324722763696
6ee4b916ed4b2366f0c521b3379f7960,Unnecessary,0.8643507705985474
6ee4b916ed4b2366f0c521b3379f7960,Warm Up,0.9618206778039531
6ee4b916ed4b2366f0c521b3379f7960,Zzz,0.7534665730161801
6f6b458eb58d511b0bc127cd67a81f84,1. One Box,0.9796365395187357
6f6b458eb58d511b0bc127cd67a81f84,2. Separated Boxes,0.9461953733962462
6f6b458eb58d511b0bc127cd67a81f84,3. Rotate a Pyramid,0.977460499896792
6f6b458eb58d511b0bc127cd67a81f84,4. Match Silhouettes,0.9729188344282217
6f6b458eb58d511b0bc127cd67a81f84,45-Degree Rotations,0.9013229478794038
6f6b458eb58d511b0bc127cd67a81f84,5. Removing Objects,0.9304672984278771
6f6b458eb58d511b0bc127cd67a81f84,6. Stretch a Ramp,0.9529311417160479
6f6b458eb58d511b0bc127cd67a81f84,7. Max 2 Boxes,0.9454343103179493
6f6b458eb58d511b0bc127cd67a81f84,8. Combine 2 Ramps,0.8470874774388725
6f6b458eb58d511b0bc127cd67a81f84,9. Scaling Round Objects,0.8823626936344653
6f6b458eb58d511b0bc127cd67a81f84,Angled Silhouette,0.8180553641733757
6f6b458eb58d511b0bc127cd67a81f84,Bear Market,0.06930121321256051
6f6b458eb58d511b0bc127cd67a81f84,Bird Fez,0.8127716177978731
6f6b458eb58d511b0bc127cd67a81f84,Boxes Obscure Spheres,0.7420717969245282
6f6b458eb58d511b0bc127cd67a81f84,Bull Market,0.5322645602257556
6f6b458eb58d511b0bc127cd67a81f84,Few Clues,0.5209155030476305
6f6b458eb58d511b0bc127cd67a81f84,More Than Meets Your Eye,0.8222000950730893
6f6b458eb58d511b0bc127cd67a81f84,Not Bird,0.7932890820951086
6f6b458eb58d511b0bc127cd67a81f84,Object Limits,0.7339363023252031
6f6b458eb58d511b0bc127cd67a81f84,Orange Dance,0.19493050055827102
6f6b458eb58d511b0bc127cd67a81f84,Pi Henge,0.9509515591066586
6f6b458eb58d511b0bc127cd67a81f84,Pyramids are Strange,0.869335317972658
6f6b458eb58d511b0bc127cd67a81f84,Ramp Up and Can It,0.8152566317652465
6f6b458eb58d511b0bc127cd67a81f84,Square Cross-Sections,0.8192120662060578
6f6b458eb58d511b0bc127cd67a81f84,Stranger Shapes,0.7747889257217159
6f6b458eb58d511b0bc127cd67a81f84,Sugar Cones,0.9095132818580592
6f6b458eb58d511b0bc127cd67a81f84,Tall and Small,0.7495172023439138
6f6b458eb58d511b0bc127cd67a81f84,Unnecessary,0.8752793952237018
6f6b458eb58d511b0bc127cd67a81f84,Warm Up,0.9632920530133607
6f6b458eb58d511b0bc127cd67a81f84,Zzz,0.7790962156366548
73002223a76a57543bc0d9e92c685d21,1. One Box,0.9796931450889284
73002223a76a57543bc0d9e92c685d21,2. Separated Boxes,0.946586320915442
73002223a76a57543bc0d9e92c685d21,3. Rotate a Pyramid,0.977532982525392
73002223a76a57543bc0d9e92c685d21,4. Match Silhouettes,0.9730257946191315
73002223a76a57543bc0d9e92c685d21,45-Degree Rotations,0.9035002017471142
73002223a76a57543bc0d9e92c685d21,5. Removing Objects,0.9311343189687149
73002223a76a57543bc0d9e92c685d21,6. Stretch a Ramp,0.953255603884106
73002223a76a57543bc0d9e92c685d21,7. Max 2 Boxes,0.9458845565517036
73002223a76a57543bc0d9e92c685d21,8. Combine 2 Ramps,0.8504606726244186
73002223a76a57543bc0d9e92c685d21,9. Scaling Round Objects,0.8845598153047918
73002223a76a57543bc0d9e92c685d21,Angled Silhouette,0.8258249908014489
73002223a76a57543bc0d9e92c685d21,Bear Market,0.06744983640887045
73002223a76a57543bc0d9e92c685d21,Bird Fez,0.8186664715745255
73002223a76a57543bc0d9e92c685d21,Boxes Obscure Spheres,0.7542545802136268
73002223a76a57543bc0d9e92c685d21,Bull Market,0.5768754764920377
73002223a76a57543bc0d9e92c685d21,Few Clues,0.5451350754471875
73002223a76a57543bc0d9e92c685d21,Not Bird,0.7546153171642322
73002223a76a57543bc0d9e92c685d21,Object Limits,0.6880116755133003
73002223a76a57543bc0d9e92c685d21,Orange Dance,0.19526855807689186
73002223a76a57543bc0d9e92c685d21,Pi Henge,0.93141008175348
73002223a76a57543bc0d9e92c685d21,Pyramids are Strange,0.7992685831659276
73002223a76a57543bc0d9e92c685d21,Ramp Up and Can It,0.7138455590314315
73002223a76a57543bc0d9e92c685d21,Square Cross-Sections,0.6939529673702998
73002223a76a57543bc0d9e92c685d21,Stranger Shapes,0.6405074829829239
73002223a76a57543bc0d9e92c685d21,Sugar Cones,0.8236960585974143
73002223a76a57543bc0d9e92c685d21,Tall and Small,0.6051496487544216
73002223a76a57543bc0d9e92c685d21,Unnecessary,0.7589374865519951
73002223a76a57543bc0d9e92c685d21,Warm Up,0.9188961909850647
73002223a76a57543bc0d9e92c685d21,Zzz,0.6258070385019384
7978544a75b7e49d6a5cfe95fe3ded56,1. One Box,0.9797492227931941
7978544a75b7e49d6a5cfe95fe3ded56,2. Separated Boxes,0.9469702499994288
7978544a75b7e49d6a5cfe95fe3ded56,3. Rotate a Pyramid,0.9776047247992155
7978544a75b7e49d6a5cfe95fe3ded56,4. Match Silhouettes,0.9731314932946187
7978544a75b7e49d6a5cfe95fe3ded56,45-Degree Rotations,0.9055733207120918
7978544a75b7e49d6a5cfe95fe3ded56,5. Removing Objects,0.9317870802496656
7978544a75b7e49d6a5cfe95fe3ded56,6. Stretch a Ramp,0.9535749039605698
7978544a75b7e49d6a5cfe95fe3ded56,7. Max 2 Boxes,0.9463262339262315
7978544a75b7e49d6a5cfe95fe3ded56,8. Combine 2 Ramps,0.8536848255933777
7978544a75b7e49d6a5cfe95fe3ded56,9. Scaling Round Objects,0.8866716498352738
7978544a75b7e49d6a5cfe95fe3ded56,Angled Silhouette,0.8329542250093998
7978544a75b7e49d6a5cfe95fe3ded56,Bird Fez,0.8248207153467756
7978544a75b7e49d6a5cfe95fe3ded56,Boxes Obscure Spheres,0.7175523057740141
7978544a75b7e49d6a5cfe95fe3ded56,More Than Meets Your Eye,0.8049191623182371
7978544a75b7e49d6a5cfe95fe3ded56,Not Bird,0.7755454630572428
7978544a75b7e49d6a5cfe95fe3ded56,Object Limits,0.6144006935830233
7978544a75b7e49d6a5cfe95fe3ded56,Orange Dance,0.16384421391528806
7978544a75b7e49d6a5cfe95fe3ded56,Pi Henge,0.915892423037317
7978544a75b7e49d6a5cfe95fe3ded56,Pyramids are Strange,0.7508056173897139
7978544a75b7e49d6a5cfe95fe3ded56,Square Cross-Sections,0.7052554806079786
7978544a75b7e49d6a5cfe95fe3ded56,Sugar Cones,0.8391783613367855
7978544a75b7e49d6a5cfe95fe3ded56,Warm Up,0.9200669191920814
7978544a75b7e49d6a5cfe95fe3ded56,Zzz,0.554655407164735
7a2c3ba5b630c18ff35177361c93141b,1. One Box,0.9798047803795092
7a2c3ba5b630c18ff35177361c93141b,2. Separated Boxes,0.9473473489236371
7a2c3ba5b630c18ff35177361c93141b,3. Rotate a Pyramid,0.9776757382691673
7a2c3ba5b630c18ff35177361c93141b,4. Match Silhouettes,0.973235953180965
7a2c3ba5b630c18ff35177361c93141b,45-Degree Rotations,0.9075494745568339
7a2c3ba5b630c18ff35177361c93141b,5. Removing Objects,0.9324259878799177
7a2c3ba5b630c18ff35177361c93141b,6. Stretch a Ramp,0.9538891300749606
7a2c3ba5b630c18ff35177361c93141b,7. Max 2 Boxes,0.9467595489114757
7a2c3ba5b630c18ff35177361c93141b,8. Combine 2 Ramps,0.8567691150669176
7a2c3ba5b630c18ff35177361c93141b,9. Scaling Round Objects,0.8887028610147165
7a2c3ba5b630c18ff35177361c93141b,Angled Silhouette,0.8395150348595813
7a2c3ba5b630c18ff35177361c93141b,Bear Market,0.06557510897358476
7a2c3ba5b630c18ff35177361c93141b,Bird Fez,0.8293906714506334
7a2c3ba5b630c18ff35177361c93141b,Boxes Obscure Spheres,0.6762466070810692
7a2c3ba5b630c18ff35177361c93141b,Bull Market,0.5187184224415794
7a2c3ba5b630c18ff35177361c93141b,Few Clues,0.5131942800602559
7a2c3ba5b630c18ff35177361c93141b,More Than Meets Your Eye,0.778847834507595
7a2c3ba5b630c18ff35177361c93141b,Not Bird,0.7705273999650794
7a2c3ba5b630c18ff35177361c93141b,Object Limits,0.672118828995316
7a2c3ba5b630c18ff35177361c93141b,Orange Dance,0.23636123231835482
7a2c3ba5b630c18ff35177361c93141b,Pi Henge,0.9385302489115407
7a2c3ba5b630c18ff35177361c93141b,Pyramids are Strange,0.8090261505338419
7a2c3ba5b630c18ff35177361c93141b,Ramp Up and Can It,0.7661412176976399
7a2c3ba5b630c18ff35177361c93141b,Square Cross-Sections,0.8290561818392356
7a2c3ba5b630c18ff35177361c93141b,Stranger Shapes,0.7351936216906207
7a2c3ba5b630c18ff35177361c93141b,Sugar Cones,0.8866157526892513
7a2c3ba5b630c18ff35177361c93141b,Tall and Small,0.7091972350112478
7a2c3ba5b630c18ff35177361c93141b,Unnecessary,0.8862546841232817
7a2c3ba5b630c18ff35177361c93141b,Warm Up,0.9629819736941805
7a2c3ba5b630c18ff35177361c93141b,Zzz,0.680239314539527
7ad6a5644dc189d2dd6b366b70f9cca9,1. One Box,0.9798598254424387
7ad6a5644dc189d2dd6b366b70f9cca9,2. Separated Boxes,0.947717799322887
7ad6a5644dc189d2dd6b366b70f9cca9,3. Rotate a Pyramid,0.9777460342530969
7ad6a5644dc189d2dd6b366b70f9cca9,4. Match Silhouettes,0.9733391964661369
7ad6a5644dc189d2dd6b366b70f9cca9,45-Degree Rotations,0.9094352018411738
7ad6a5644dc189d2dd6b366b70f9cca9,5. Removing Objects,0.9330514363971418
7ad6a5644dc189d2dd6b366b70f9cca9,6. Stretch a Ramp,0.95419837173587
7ad6a5644dc189d2dd6b366b70f9cca9,7. Max 2 Boxes,0.9471847047877571
7ad6a5644dc189d2dd6b366b70f9cca9,8. Combine 2 Ramps,0.8597220187533723
7ad6a5644dc189d2dd6b366b70f9cca9,9. Scaling Round Objects,0.8906577935492368
7ad6a5644dc189d2dd6b366b70f9cca9,Angled Silhouette,0.8455695571866411
7ad6a5644dc189d2dd6b366b70f9cca9,Bear Market,0.06395632701030356
7ad6a5644dc189d2dd6b366b70f9cca9,Bird Fez,0.8343091731266911
7ad6a5644dc189d2dd6b366b70f9cca9,Boxes Obscure Spheres,0.6936059305767982
7ad6a5644dc189d2dd6b366b70f9cca9,Bull Market,0.5784062993631405
7ad6a5644dc189d2dd6b366b70f9cca9,Few Clues,0.5753572182978366
7ad6a5644dc189d2dd6b366b70f9cca9,More Than Meets Your Eye,0.7732177799014067
7ad6a5644dc189d2dd6b366b70f9cca9,Not Bird,0.7630215509004632
7ad6a5644dc189d2dd6b366b70f9cca9,Object Limits,0.6653335353672869
7ad6a5644dc189d2dd6b366b70f9cca9,Orange Dance,0.19566662426408013
7ad6a5644dc189d2dd6b366b70f9cca9,Pi Henge,0.9353879805388345
7ad6a5644dc189d2dd6b366b70f9cca9,Pyramids are Strange,0.7974009167919307
7ad6a5644dc189d2dd6b366b70f9cca9,Ramp Up and Can It,0.7585591433803253
7ad6a5644dc189d2dd6b366b70f9cca9,Square Cross-Sections,0.816299319557925
7ad6a5644dc189d2dd6b366b70f9cca9,Stranger Shapes,0.7257458744240572
7ad6a5644dc189d2dd6b366b70f9cca9,Sugar Cones,0.8780092029132245
7ad6a5644dc189d2dd6b366b70f9cca9,Tall and Small,0.7083256294045527
7ad6a5644dc189d2dd6b366b70f9cca9,Unnecessary,0.8797871981349026
7ad6a5644dc189d2dd6b366b70f9cca9,Warm Up,0.9590845265852594
7ad6a5644dc189d2dd6b366b70f9cca9,Zzz,0.6859734558285161
7b9a493e34e392a009485838e8c3bfba,1. One Box,0.9799143654269397
7b9a493e34e392a009485838e8c3bfba,2. Separated Boxes,0.948081776479791
7b9a493e34e392a009485838e8c3bfba,3. Rotate a Pyramid,0.977815623841271
7b9a493e34e392a009485838e8c3bfba,4. Match Silhouettes,0.9734412448152745
7b9a493e34e392a009485838e8c3bfba,5. Removing Objects,0.9327416378663163
7b9a493e34e392a009485838e8c3bfba,6. Stretch a Ramp,0.9538821505157505
7b9a493e34e392a009485838e8c3bfba,7. Max 2 Boxes,0.9469115180402415
7efcb41a92a61b13280d8c19e2fef302,1. One Box,0.9799684076320524
7efcb41a92a61b13280d8c19e2fef302,2. Separated Boxes,0.9484394495983488
7efcb41a92a61b13280d8c19e2fef302,3. Rotate a Pyramid,0.9778845179017136
7efcb41a92a61b13280d8c19e2fef302,4. Match Silhouettes,0.9735421193856721
7efcb41a92a61b13280d8c19e2fef302,45-Degree Rotations,0.9112276593380177
7efcb41a92a61b13280d8c19e2fef302,5. Removing Objects,0.934289832071646
7efcb41a92a61b13280d8c19e2fef302,6. Stretch a Ramp,0.9548188918904073
7efcb41a92a61b13280d8c19e2fef302,7. Max 2 Boxes,0.9390900199020428
7efcb41a92a61b13280d8c19e2fef302,8. Combine 2 Ramps,0.8626704418283078
7efcb41a92a61b13280d8c19e2fef302,9. Scaling Round Objects,0.8926351900497294
7efcb41a92a61b13280d8c19e2fef302,Angled Silhouette,0.8512950428833639
7efcb41a92a61b13280d8c19e2fef302,Bear Market,0.06248723122545266
7efcb41a92a61b13280d8c19e2fef302,Bird Fez,0.8390156885179506
7efcb41a92a61b13280d8c19e2fef302,Boxes Obscure Spheres,0.7096253743785096
7efcb41a92a61b13280d8c19e2fef302,Bull Market,0.6283081900816754
7efcb41a92a61b13280d8c19e2fef302,Few Clues,0.4996071821081217
7efcb41a92a61b13280d8c19e2fef302,More Than Meets Your Eye,0.8086771365844488
7efcb41a92a61b13280d8c19e2fef302,Not Bird,0.8023980324623734
7efcb41a92a61b13280d8c19e2fef302,Object Limits,0.7096136283635841
7efcb41a92a61b13280d8c19e2fef302,Orange Dance,0.1973422050223424
7efcb41a92a61b13280d8c19e2fef302,Pi Henge,0.9418810740764144
7efcb41a92a61b13280d8c19e2fef302,Pyramids are Strange,0.8358351224092472
7efcb41a92a61b13280d8c19e2fef302,Ramp Up and Can It,0.8112700476025854
7efcb41a92a61b13280d8c19e2fef302,Square Cross-Sections,0.8485805534803321
7efcb41a92a61b13280d8c19e2fef302,Stranger Shapes,0.7806687029758815
7efcb41a92a61b13280d8c19e2fef302,Sugar Cones,0.9002357269144744
7efcb41a92a61b13280d8c19e2fef302,Tall and Small,0.7635395582236149
7efcb41a92a61b13280d8c19e2fef302,Unnecessary,0.902864835579211
7efcb41a92a61b13280d8c19e2fef302,Warm Up,0.9660483007127552
7efcb41a92a61b13280d8c19e2fef302,Zzz,0.7501718258606516
86d2b048783ff0715f22a20e6e259ed3,1. One Box,0.980021959214481
86d2b048783ff0715f22a20e6e259ed3,2. Separated Boxes,0.9487909820636063
86d2b048783ff0715f22a20e6e259ed3,3. Rotate a Pyramid,0.9779527270854185
86d2b048783ff0715f22a20e6e259ed3,4. Match Silhouettes,0.9736418408412622
86d2b048783ff0715f22a20e6e259ed3,5. Removing Objects,0.9339870423528723
86d2b048783ff0715f22a20e6e259ed3,6. Stretch a Ramp,0.9545121517494615
86d2b048783ff0715f22a20e6e259ed3,7. Max 2 Boxes,0.9388672421261194
86d2b048783ff0715f22a20e6e259ed3,8. Combine 2 Ramps,0.8638448937971325
86d2b048783ff0715f22a20e6e259ed3,Bull Market,0.6397715963160531
86d2b048783ff0715f22a20e6e259ed3,Stranger Shapes,0.6867454654517023
86d2b048783ff0715f22a20e6e259ed3,Sugar Cones,0.8277920576382759
8b646f630d19b5df0e56ad347301a533,1. One Box,0.9800750271920702
8b646f630d19b5df0e56ad347301a533,2. Separated Boxes,0.9491365316881948
8b646f630d19b5df0e56ad347301a533,3. Rotate a Pyramid,0.9780202618314318
8b646f630d19b5df0e56ad347301a533,4. Match Silhouettes,0.9737404293666265
8b646f630d19b5df0e56ad347301a533,45-Degree Rotations,0.9129419886124666
8b646f630d19b5df0e56ad347301a533,5. Removing Objects,0.9354749277113285
8b646f630d19b5df0e56ad347301a533,6. Stretch a Ramp,0.9554182251769798
8b646f630d19b5df0e56ad347301a533,7. Max 2 Boxes,0.9402019238060719
8b646f630d19b5df0e56ad347301a533,8. Combine 2 Ramps,0.8471305860184055
8b646f630d19b5df0e56ad347301a533,9. Scaling Round Objects,0.8946596238410439
8b646f630d19b5df0e56ad347301a533,Bird Fez,0.8428028483458009
8b646f630d19b5df0e56ad347301a533,Boxes Obscure Spheres,0.7223535213827176
8b646f630d19b5df0e56ad347301a533,Bull Market,0.5810579475710534
8b646f630d19b5df0e56ad347301a533,Object Limits,0.6669555495732471
8b646f630d19b5df0e56ad347301a533,Pi Henge,0.9253960906531729
8b646f630d19b5df0e56ad347301a533,Pyramids are Strange,0.788210309922167
8b646f630d19b5df0e56ad347301a533,Square Cross-Sections,0.8002368312793174
8b646f630d19b5df0e56ad347301a533,Stranger Shapes,0.6822458350038199
8b646f630d19b5df0e56ad347301a533,Sugar Cones,0.8618745111804229
8b646f630d19b5df0e56ad347301a533,Warm Up,0.9471597396314398
8cec40ccb0fb360dd8828fa1d8843528,45-Degree Rotations,0.9128463819318645
8cec40ccb0fb360dd8828fa1d8843528,Angled Silhouette,0.846432739948334
8cec40ccb0fb360dd8828fa1d8843528,Bird Fez,0.8306820315456944
8cec40ccb0fb360dd8828fa1d8843528,Boxes Obscure Spheres,0.6309198019914465
8cec40ccb0fb360dd8828fa1d8843528,Object Limits,0.6757875413051619
8cec40ccb0fb360dd8828fa1d8843528,Pi Henge,0.9294035631339345
8cec40ccb0fb360dd8828fa1d8843528,Pyramids are Strange,0.7901353703072908
8cec40ccb0fb360dd8828fa1d8843528,Warm Up,0.9306569088077112
92477c49111067683732d8dfc987d006,1. One Box,0.9801276184471797
92477c49111067683732d8dfc987d006,2. Separated Boxes,0.9494762509465134
92477c49111067683732d8dfc987d006,3. Rotate a Pyramid,0.9780871323718111
92477c49111067683732d8dfc987d006,4. Match Silhouettes,0.9738379046805465
92477c49111067683732d8dfc987d006,45-Degree Rotations,0.9162109518876195
92477c49111067683732d8dfc987d006,5. Removing Objects,0.9360202552707554
92477c49111067683732d8dfc987d006,6. Stretch a Ramp,0.9556912428618942
92477c49111067683732d8dfc987d006,7. Max 2 Boxes,0.940713844824763
92477c49111067683732d8dfc987d006,8. Combine 2 Ramps,0.8503690563292983
92477c49111067683732d8dfc987d006,9. Scaling Round Objects,0.8963654462429679
92477c49111067683732d8dfc987d006,Angled Silhouette,0.824223260357552
92477c49111067683732d8dfc987d006,Bird Fez,0.8529486443121919
92477c49111067683732d8dfc987d006,Boxes Obscure Spheres,0.70853959132705
92477c49111067683732d8dfc987d006,Bull Market,0.5305926192452199
92477c49111067683732d8dfc987d006,Few Clues,0.5677540243218369
92477c49111067683732d8dfc987d006,More Than Meets Your Eye,0.8046212810881205
92477c49111067683732d8dfc987d006,Not Bird,0.7964970520329798
92477c49111067683732d8dfc987d006,Object Limits,0.7426424448148972
92477c49111067683732d8dfc987d006,Pi Henge,0.9397553896418835
92477c49111067683732d8dfc987d006,Pyramids are Strange,0.8295605541363167
92477c49111067683732d8dfc987d006,Ramp Up and Can It,0.790649601411836
92477c49111067683732d8dfc987d006,Square Cross-Sections,0.8325394881237848
92477c49111067683732d8dfc987d006,Stranger Shapes,0.6714348425893698
92477c49111067683732d8dfc987d006,Sugar Cones,0.8956582785702023
92477c49111067683732d8dfc987d006,Tall and Small,0.7488147647120605
92477c49111067683732d8dfc987d006,Unnecessary,0.891527137411751
92477c49111067683732d8dfc987d006,Warm Up,0.9488168623039933
92477c49111067683732d8dfc987d006,Zzz,0.7394327781758178
947329e4045fb60fd62c6ee739583545,1. One Box,0.9801797397299601
947329e4045fb60fd62c6ee739583545,2. Separated Boxes,0.9498102871972683
947329e4045fb60fd62c6ee739583545,3. Rotate a Pyramid,0.9781533487364623
947329e4045fb60fd62c6ee739583545,4. Match Silhouettes,0.9739342860491126
947329e4045fb60fd62c6ee739583545,45-Degree Rotations,0.9177240324291602
947329e4045fb60fd62c6ee739583545,5. Removing Objects,0.925920246092396
947329e4045fb60fd62c6ee739583545,6. Stretch a Ramp,0.948481562094043
947329e4045fb60fd62c6ee739583545,7. Max 2 Boxes,0.9314853900777483
947329e4045fb60fd62c6ee739583545,8. Combine 2 Ramps,0.8320103846960748
947329e4045fb60fd62c6ee739583545,9. Scaling Round Objects,0.8824925381855352
947329e4045fb60fd62c6ee739583545,Angled Silhouette,0.8079259406831509
947329e4045fb60fd62c6ee739583545,Bear Market,0.052926158820788625
947329e4045fb60fd62c6ee739583545,Bird Fez,0.8463951474844721
947329e4045fb60fd62c6ee739583545,Boxes Obscure Spheres,0.6848193612543435
947329e4045fb60fd62c6ee739583545,Bull Market,0.5657502372696314
947329e4045fb60fd62c6ee739583545,Few Clues,0.44704025307397005
947329e4045fb60fd62c6ee739583545,More Than Meets Your Eye,0.7866567614502051
947329e4045fb60fd62c6ee739583545,Not Bird,0.7614933149827253
947329e4045fb60fd62c6ee739583545,Object Limits,0.6736873173105458
947329e4045fb60fd62c6ee739583545,Orange Dance,0.1630183772407822
947329e4045fb60fd62c6ee739583545,Pi Henge,0.9159021598679621
947329e4045fb60fd62c6ee739583545,Pyramids are Strange,0.7506092724943948
947329e4045fb60fd62c6ee739583545,Ramp Up and Can It,0.689145786657285
947329e4045fb60fd62c6ee739583545,Square Cross-Sections,0.7369903505850768
947329e4045fb60fd62c6ee739583545,Stranger Shapes,0.5547684730614582
947329e4045fb60fd62c6ee739583545,Sugar Cones,0.817943560134447
947329e4045fb60fd62c6ee739583545,Tall and Small,0.6293238656240656
947329e4045fb60fd62c6ee739583545,Unnecessary,0.8032385879751559
947329e4045fb60fd62c6ee739583545,Warm Up,0.8916984206383844
947329e4045fb60fd62c6ee739583545,Zzz,0.5822589075345987
953ea80f89aa793f2d8a17d212646301,1. One Box,0.9802313976615352
953ea80f89aa793f2d8a17d212646301,2. Separated Boxes,0.9501387828950338
953ea80f89aa793f2d8a17d212646301,3. Rotate a Pyramid,0.9782189207578552
953ea80f89aa793f2d8a17d212646301,4. Match Silhouettes,0.9740295922984074
953ea80f89aa793f2d8a17d212646301,45-Degree Rotations,0.8997419448713301
953ea80f89aa793f2d8a17d212646301,5. Removing Objects,0.9373958431918976
953ea80f89aa793f2d8a17d212646301,6. Stretch a Ramp,0.9564312551776815
953ea80f89aa793f2d8a17d212646301,7. Max 2 Boxes,0.9419978442863544
953ea80f89aa793f2d8a17d212646301,8. Combine 2 Ramps,0.8573334084185847
953ea80f89aa793f2d8a17d212646301,9. Scaling Round Objects,0.9001789296521832
953ea80f89aa793f2d8a17d212646301,Angled Silhouette,0.8388328419910127
953ea80f89aa793f2d8a17d212646301,Bird Fez,0.8604293806902833
953ea80f89aa793f2d8a17d212646301,Boxes Obscure Spheres,0.738053182746719
953ea80f89aa793f2d8a17d212646301,Object Limits,0.7187892228601597
953ea80f89aa793f2d8a17d212646301,Pi Henge,0.9386964036556926
953ea80f89aa793f2d8a17d212646301,Pyramids are Strange,0.8090144269823213
953ea80f89aa793f2d8a17d212646301,Ramp Up and Can It,0.8234398504022381
953ea80f89aa793f2d8a17d212646301,Square Cross-Sections,0.8285495483992344
953ea80f89aa793f2d8a17d212646301,Stranger Shapes,0.6301888587820809
953ea80f89aa793f2d8a17d212646301,Sugar Cones,0.894305537409928
953ea80f89aa793f2d8a17d212646301,Tall and Small,0.7047710661240597
953ea80f89aa793f2d8a17d212646301,Warm Up,0.946301436021942
a0734c7ec07d25795ad022c40f9e6ad8,Unnecessary,0.8146348500849125
a139eff80ad1587e94570be61a28219e,1. One Box,0.9802825987370902
a139eff80ad1587e94570be61a28219e,2. Separated Boxes,0.9504618757914586
a139eff80ad1587e94570be61a28219e,3. Rotate a Pyramid,0.9782838580756223
a139eff80ad1587e94570be61a28219e,4. Match Silhouettes,0.9741238418267765
a139eff80ad1587e94570be61a28219e,45-Degree Rotations,0.9018410987158378
a139eff80ad1587e94570be61a28219e,5. Removing Objects,0.9379139655953652
a139eff80ad1587e94570be61a28219e,6. Stretch a Ramp,0.9566962096598683
a139eff80ad1587e94570be61a28219e,7. Max 2 Boxes,0.942483176500944
a139eff80ad1587e94570be61a28219e,8. Combine 2 Ramps,0.8601662066313434
a139eff80ad1587e94570be61a28219e,9. Scaling Round Objects,0.9017130979624609
a139eff80ad1587e94570be61a28219e,Angled Silhouette,0.8446556283716118
a139eff80ad1587e94570be61a28219e,Bear Market,0.06003547109009536
a139eff80ad1587e94570be61a28219e,Bird Fez,0.8632270940987832
a139eff80ad1587e94570be61a28219e,Boxes Obscure Spheres,0.7482686571987343
a139eff80ad1587e94570be61a28219e,More Than Meets Your Eye,0.7683120266196646
a139eff80ad1587e94570be61a28219e,Object Limits,0.713730503130764
a139eff80ad1587e94570be61a28219e,Pi Henge,0.936445957602184
a139eff80ad1587e94570be61a28219e,Pyramids are Strange,0.7998249541492176
a139eff80ad1587e94570be61a28219e,Ramp Up and Can It,0.7546389672405078
a139eff80ad1587e94570be61a28219e,Square Cross-Sections,0.8347182469532498
a139eff80ad1587e94570be61a28219e,Stranger Shapes,0.6617366180026967
a139eff80ad1587e94570be61a28219e,Sugar Cones,0.8976649924067505
a139eff80ad1587e94570be61a28219e,Tall and Small,0.7250218499410895
a139eff80ad1587e94570be61a28219e,Warm Up,0.9472040705136995
a6f176cf29c7a3e3bf3fc3c2362ac8c8,1. One Box,0.9803333493288743
a6f176cf29c7a3e3bf3fc3c2362ac8c8,2. Separated Boxes,0.9507796991267009
a6f176cf29c7a3e3bf3fc3c2362ac8c8,3. Rotate a Pyramid,0.9783481701410427
a6f176cf29c7a3e3bf3fc3c2362ac8c8,4. Match Silhouettes,0.9742170526167048
a6f176cf29c7a3e3bf3fc3c2362ac8c8,45-Degree Rotations,0.9038451707028394
a6f176cf29c7a3e3bf3fc3c2362ac8c8,5. Removing Objects,0.9384224275567484
a6f176cf29c7a3e3bf3fc3c2362ac8c8,6. Stretch a Ramp,0.9569574275534587
a6f176cf29c7a3e3bf3fc3c2362ac8c8,7. Max 2 Boxes,0.9429591725503047
a6f176cf29c7a3e3bf3fc3c2362ac8c8,8. Combine 2 Ramps,0.8628848881577726
a6f176cf29c7a3e3bf3fc3c2362ac8c8,9. Scaling Round Objects,0.9031970212838417
a6f176cf29c7a3e3bf3fc3c2362ac8c8,Angled Silhouette,0.8500617371063645
a6f176cf29c7a3e3bf3fc3c2362ac8c8,Bear Market,0.05872013465400401
a6f176cf29c7a3e3bf3fc3c2362ac8c8,Bird Fez,0.8663579749186374
a6f176cf29c7a3e3bf3fc3c2362ac8c8,Boxes Obscure Spheres,0.7591926130821355
a6f176cf29c7a3e3bf3fc3c2362ac8c8,Bull Market,0.5170477936630836
a6f176cf29c7a3e3bf3fc3c2362ac8c8,Few Clues,0.4354608958257538
a6f176cf29c7a3e3bf3fc3c2362ac8c8,More Than Meets Your Eye,0.7246153817745594
a6f176cf29c7a3e3bf3fc3c2362ac8c8,Not Bird,0.7802382701331594
a6f176cf29c7a3e3bf3fc3c2362ac8c8,Object Limits,0.7720397612892852
a6f176cf29c7a3e3bf3fc3c2362ac8c8,Orange Dance,0.25146320287929225
a6f176cf29c7a3e3bf3fc3c2362ac8c8,Pi Henge,0.9454885663581188
a6f176cf29c7a3e3bf3fc3c2362ac8c8,Pyramids are Strange,0.8355476407809935
a6f176cf29c7a3e3bf3fc3c2362ac8c8,Ramp Up and Can It,0.8043328872004839
a6f176cf29c7a3e3bf3fc3c2362ac8c8,Square Cross-Sections,0.8616321095461096
a6f176cf29c7a3e3bf3fc3c2362ac8c8,Stranger Shapes,0.722765552330375
a6f176cf29c7a3e3bf3fc3c2362ac8c8,Sugar Cones,0.9142939424081995
a6f176cf29c7a3e3bf3fc3c2362ac8c8,Tall and Small,0.7725566144266464
a6f176cf29c7a3e3bf3fc3c2362ac8c8,Unnecessary,0.8179783307058663
a6f176cf29c7a3e3bf3fc3c2362ac8c8,Warm Up,0.9559005783529769
a6f176cf29c7a3e3bf3fc3c2362ac8c8,Zzz,0.7278057726534345
a8d110698c69055de0f594ab2956dde2,1. One Box,0.9803836556891148
a8d110698c69055de0f594ab2956dde2,2. Separated Boxes,0.9510923818116384
a8d110698c69055de0f594ab2956dde2,3. Rotate a Pyramid,0.9784118662214132
a8d110698c69055de0f594ab2956dde2,4. Match Silhouettes,0.9743092422463092
a8d110698c69055de0f594ab2956dde2,45-Degree Rotations,0.9057603608198486
a8d110698c69055de0f594ab2956dde2,5. Removing Objects,0.9389214601746335
a8d110698c69055de0f594ab2956dde2,6. Stretch a Ramp,0.9572149596978652
a8d110698c69055de0f594ab2956dde2,7. Max 2 Boxes,0.9434260675376157
a8d110698c69055de0f594ab2956dde2,8. Combine 2 Ramps,0.8654959002123167
a8d110698c69055de0f594ab2956dde2,9. Scaling Round Objects,0.9046330234150896
a8d110698c69055de0f594ab2956dde2,Angled Silhouette,0.8550924516299298
a8d110698c69055de0f594ab2956dde2,Bear Market,0.057473793929646785
a8d110698c69055de0f594ab2956dde2,Bird Fez,0.8693436742745583
a8d110698c69055de0f594ab2956dde2,Boxes Obscure Spheres,0.7692677375266003
a8d110698c69055de0f594ab2956dde2,Not Bird,0.7738442085603919
a8d110698c69055de0f594ab2956dde2,Object Limits,0.7622712722947044
a8d110698c69055de0f594ab2956dde2,Orange Dance,0.21072326073816414
a8d110698c69055de0f594ab2956dde2,Pi Henge,0.9403099066677553
a8d110698c69055de0f594ab2956dde2,Pyramids are Strange,0.8254169564021923
a8d110698c69055de0f594ab2956dde2,Ramp Up and Can It,0.7973836497585285
a8d110698c69055de0f594ab2956dde2,Square Cross-Sections,0.8382037606790371
a8d110698c69055de0f594ab2956dde2,Stranger Shapes,0.6931689008058737
a8d110698c69055de0f594ab2956dde2,Sugar Cones,0.8902509638796162
a8d110698c69055de0f594ab2956dde2,Tall and Small,0.7349962846709398
a8d110698c69055de0f594ab2956dde2,Warm Up,0.9417582799343861
a9381a5d6b310e58bb06df10c0a8bcfa,1. One Box,0.9804335239528503
a9381a5d6b310e58bb06df10c0a8bcfa,2. Separated Boxes,0.9514000486013667
a9381a5d6b310e58bb06df10c0a8bcfa,3. Rotate a Pyramid,0.9784749554043096
a9381a5d6b310e58bb06df10c0a8bcfa,4. Match Silhouettes,0.9744004279004638
a9381a5d6b310e58bb06df10c0a8bcfa,45-Degree Rotations,0.9075923520064998
a9381a5d6b310e58bb06df10c0a8bcfa,5. Removing Objects,0.9394112904471097
a9381a5d6b310e58bb06df10c0a8bcfa,6. Stretch a Ramp,0.9574688586813512
a9381a5d6b310e58bb06df10c0a8bcfa,7. Max 2 Boxes,0.9438840915522511
a9381a5d6b310e58bb06df10c0a8bcfa,8. Combine 2 Ramps,0.8680052356122949
a9381a5d6b310e58bb06df10c0a8bcfa,9. Scaling Round Objects,0.9060232942338425
a9381a5d6b310e58bb06df10c0a8bcfa,Bird Fez,0.871555041383654
a9381a5d6b310e58bb06df10c0a8bcfa,Pi Henge,0.9390347685418589
a9381a5d6b310e58bb06df10c0a8bcfa,Pyramids are Strange,0.8211224388442165
a9381a5d6b310e58bb06df10c0a8bcfa,Square Cross-Sections,0.8269384840541388
a9eac4d5476d2f20a263becdc89ca829,1. One Box,0.9804829601406828
a9eac4d5476d2f20a263becdc89ca829,8. Combine 2 Ramps,0.8638507313860998
a9eac4d5476d2f20a263becdc89ca829,9. Scaling Round Objects,0.9031164756803328
a9eac4d5476d2f20a263becdc89ca829,Angled Silhouette,0.8541642492705975
a9eac4d5476d2f20a263becdc89ca829,Bird Fez,0.8633176564050701
a9eac4d5476d2f20a263becdc89ca829,Pi Henge,0.9247238258947094
a9eac4d5476d2f20a263becdc89ca829,Square Cross-Sections,0.7996356374030796
b569f465acee475bc6eb06a288b823c7,1. One Box,0.980531970161453
b569f465acee475bc6eb06a288b823c7,2. Separated Boxes,0.9517023697136375
b7b6a911ecb48add616af2d2546f77de,1. One Box,0.9805805598148394
b7b6a911ecb48add616af2d2546f77de,2. Separated Boxes,0.9454498669938446
b7b6a911ecb48add616af2d2546f77de,3. Rotate a Pyramid,0.9785620369478097
b7b6a911ecb48add616af2d2546f77de,4. Match Silhouettes,0.9745196215498849
b7b6a911ecb48add616af2d2546f77de,45-Degree Rotations,0.9094421069463984
b7b6a911ecb48add616af2d2546f77de,5. Removing Objects,0.9399568541990756
b7b6a911ecb48add616af2d2546f77de,6. Stretch a Ramp,0.9577651423680362
b7b6a911ecb48add616af2d2546f77de,7. Max 2 Boxes,0.9443927689096795
b7b6a911ecb48add616af2d2546f77de,8. Combine 2 Ramps,0.8730461051414989
b7b6a911ecb48add616af2d2546f77de,9. Scaling Round Objects,0.9088726386914225
b7b6a911ecb48add616af2d2546f77de,Angled Silhouette,0.8294497527312635
b7b6a911ecb48add616af2d2546f77de,Bear Market,0.05647635123083262
b7b6a911ecb48add616af2d2546f77de,Bird Fez,0.8553266128013827
b7b6a911ecb48add616af2d2546f77de,Boxes Obscure Spheres,0.7793073331568384
b7b6a911ecb48add616af2d2546f77de,Bull Market,0.5574715591495046
b7b6a911ecb48add616af2d2546f77de,Few Clues,0.4753939955054239
b7b6a911ecb48add616af2d2546f77de,More Than Meets Your Eye,0.7209123627672837
b7b6a911ecb48add616af2d2546f77de,Not Bird,0.7905477252861014
b7b6a911ecb48add616af2d2546f77de,Object Limits,0.7713006336307342
b7b6a911ecb48add616af2d2546f77de,Orange Dance,0.1925455635728003
b7b6a911ecb48add616af2d2546f77de,Pi Henge,0.9322645711125149
b7b6a911ecb48add616af2d2546f77de,Pyramids are Strange,0.8004954589498867
b7b6a911ecb48add616af2d2546f77de,Ramp Up and Can It,0.7275116462870043
b7b6a911ecb48add616af2d2546f77de,Square Cross-Sections,0.8504353553187142
b7b6a911ecb48add616af2d2546f77de,Stranger Shapes,0.6533886375199276
b7b6a911ecb48add616af2d2546f77de,Sugar Cones,0.9018504395944502
b7b6a911ecb48add616af2d2546f77de,Tall and Small,0.767114177912407
b7b6a911ecb48add616af2d2546f77de,Unnecessary,0.7990011291781953
b7b6a911ecb48add616af2d2546f77de,Warm Up,0.9437578492484457
b7b6a911ecb48add616af2d2546f77de,Zzz,0.6926210912405105
be778b20fbbc034986feccd6f320585f,1. One Box,0.9806287347938875
be778b20fbbc034986feccd6f320585f,2. Separated Boxes,0.9458260603087218
be778b20fbbc034986feccd6f320585f,3. Rotate a Pyramid,0.9786234890821761
be778b20fbbc034986feccd6f320585f,4. Match Silhouettes,0.9746082847338737
be778b20fbbc034986feccd6f320585f,45-Degree Rotations,0.9111183874633514
be778b20fbbc034986feccd6f320585f,5. Removing Objects,0.930375248668352
be778b20fbbc034986feccd6f320585f,6. Stretch a Ramp,0.9508451952280262
be778b20fbbc034986feccd6f320585f,7. Max 2 Boxes,0.9356345279566985
be778b20fbbc034986feccd6f320585f,8. Combine 2 Ramps,0.85640499460472
be778b20fbbc034986feccd6f320585f,9. Scaling Round Objects,0.896160641218842
be778b20fbbc034986feccd6f320585f,Angled Silhouette,0.8128229009662774
be778b20fbbc034986feccd6f320585f,Bird Fez,0.8407734674413168
be778b20fbbc034986feccd6f320585f,Boxes Obscure Spheres,0.6843266614255378
be778b20fbbc034986feccd6f320585f,Object Limits,0.7303485803228782
be778b20fbbc034986feccd6f320585f,Pi Henge,0.9215754659261935
be778b20fbbc034986feccd6f320585f,Pyramids are Strange,0.7214974153226071
be778b20fbbc034986feccd6f320585f,Square Cross-Sections,0.8316150080906585
be778b20fbbc034986feccd6f320585f,Warm Up,0.9359520127336056
be92bec7a507e83c33700633c0a59255,1. One Box,0.9806765006874651
be92bec7a507e83c33700633c0a59255,2. Separated Boxes,0.9461958613807862
be92bec7a507e83c33700633c0a59255,3. Rotate a Pyramid,0.9786843717242274
be92bec7a507e83c33700633c0a59255,4. Match Silhouettes,0.9746960078409636
be92bec7a507e83c33700633c0a59255,45-Degree Rotations,0.8929247336233496
be92bec7a507e83c33700633c0a59255,5. Removing Objects,0.9411531357490476
be92bec7a507e83c33700633c0a59255,6. Stretch a Ramp,0.9584273939992878
be92bec7a507e83c33700633c0a59255,7. Max 2 Boxes,0.9455057251456476
be92bec7a507e83c33700633c0a59255,8. Combine 2 Ramps,0.8780840137469623
be92bec7a507e83c33700633c0a59255,9. Scaling Round Objects,0.9117983050762641
be92bec7a507e83c33700633c0a59255,Angled Silhouette,0.804042815159555
be92bec7a507e83c33700633c0a59255,Bird Fez,0.8632363103797969
be92bec7a507e83c33700633c0a59255,Boxes Obscure Spheres,0.7619069963585319
be92bec7a507e83c33700633c0a59255,More Than Meets Your Eye,0.7534349757407284
be92bec7a507e83c33700633c0a59255,Not Bird,0.8104312554581589
be92bec7a507e83c33700633c0a59255,Object Limits,0.8028549998772827
be92bec7a507e83c33700633c0a59255,Pi Henge,0.9335470950519736
be92bec7a507e83c33700633c0a59255,Pyramids are Strange,0.7927363555655212
be92bec7a507e83c33700633c0a59255,Ramp Up and Can It,0.7755592561881617
be92bec7a507e83c33700633c0a59255,Square Cross-Sections,0.8772052595809382
be92bec7a507e83c33700633c0a59255,Stranger Shapes,0.7090303777447436
be92bec7a507e83c33700633c0a59255,Sugar Cones,0.917887774480683
be92bec7a507e83c33700633c0a59255,Tall and Small,0.8074023733935202
be92bec7a507e83c33700633c0a59255,Unnecessary,0.7684934695509639
be92bec7a507e83c33700633c0a59255,Warm Up,0.9533728133041658
beecc47689704115072807cd992ddc7b,1. One Box,0.9807238629826539
beecc47689704115072807cd992ddc7b,2. Separated Boxes,0.9465594324868117
beecc47689704115072807cd992ddc7b,3. Rotate a Pyramid,0.9787446929224959
beecc47689704115072807cd992ddc7b,4. Match Silhouettes,0.9747828061030138
beecc47689704115072807cd992ddc7b,45-Degree Rotations,0.8951966266785756
beecc47689704115072807cd992ddc7b,5. Removing Objects,0.9415959962849002
beecc47689704115072807cd992ddc7b,6. Stretch a Ramp,0.9586595223231266
beecc47689704115072807cd992ddc7b,7. Max 2 Boxes,0.9459191303241713
beecc47689704115072807cd992ddc7b,8. Combine 2 Ramps,0.8801159922339042
beecc47689704115072807cd992ddc7b,9. Scaling Round Objects,0.9129612650489436
beecc47689704115072807cd992ddc7b,Angled Silhouette,0.8119186315568556
beecc47689704115072807cd992ddc7b,Bird Fez,0.8662233781882578
beecc47689704115072807cd992ddc7b,Boxes Obscure Spheres,0.7714419726107291
beecc47689704115072807cd992ddc7b,More Than Meets Your Eye,0.770487722826837
beecc47689704115072807cd992ddc7b,Not Bird,0.8024961968996951
beecc47689704115072807cd992ddc7b,Object Limits,0.7708179124146533
beecc47689704115072807cd992ddc7b,Pi Henge,0.9226921474871158
beecc47689704115072807cd992ddc7b,Pyramids are Strange,0.737906583979069
beecc47689704115072807cd992ddc7b,Ramp Up and Can It,0.7227795036726921
beecc47689704115072807cd992ddc7b,Square Cross-Sections,0.8235062315757471
beecc47689704115072807cd992ddc7b,Stranger Shapes,0.623943783607953
beecc47689704115072807cd992ddc7b,Sugar Cones,0.8703154425144126
beecc47689704115072807cd992ddc7b,Tall and Small,0.7285628434803444
beecc47689704115072807cd992ddc7b,Warm Up,0.9231788265616353
bf0a784fe1efa01dc5a2e1ccd1f731fc,1. One Box,0.980770827067072
bf0a784fe1efa01dc5a2e1ccd1f731fc,2. Separated Boxes,0.9469169304865366
bf0a784fe1efa01dc5a2e1ccd1f731fc,3. Rotate a Pyramid,0.9788044605798129
bf0a784fe1efa01dc5a2e1ccd1f731fc,4. Match Silhouettes,0.974868694428755
bf0a784fe1efa01dc5a2e1ccd1f731fc,45-Degree Rotations,0.8973654371283598
bf0a784fe1efa01dc5a2e1ccd1f731fc,5. Removing Objects,0.9420314083792238
bf0a784fe1efa01dc5a2e1ccd1f731fc,6. Stretch a Ramp,0.9588887186137436
bf0a784fe1efa01dc5a2e1ccd1f731fc,7. Max 2 Boxes,0.9463253686631108
bf0a784fe1efa01dc5a2e1ccd1f731fc,8. Combine 2 Ramps,0.8820775377258355
bf0a784fe1efa01dc5a2e1ccd1f731fc,9. Scaling Round Objects,0.9140909420931227
bf0a784fe1efa01dc5a2e1ccd1f731fc,Angled Silhouette,0.8191919442549163
bf0a784fe1efa01dc5a2e1ccd1f731fc,Bird Fez,0.8690796712833941
bf0a784fe1efa01dc5a2e1ccd1f731fc,Boxes Obscure Spheres,0.7802855310382525
bf0a784fe1efa01dc5a2e1ccd1f731fc,Bull Market,0.6213941823693113
bf0a784fe1efa01dc5a2e1ccd1f731fc,More Than Meets Your Eye,0.7064811928527222
bf0a784fe1efa01dc5a2e1ccd1f731fc,Not Bird,0.7651809300049606
bf0a784fe1efa01dc5a2e1ccd1f731fc,Object Limits,0.7528848045777761
bf0a784fe1efa01dc5a2e1ccd1f731fc,Pi Henge,0.923015527995147
bf0a784fe1efa01dc5a2e1ccd1f731fc,Pyramids are Strange,0.7690627789541932
bf0a784fe1efa01dc5a2e1ccd1f731fc,Ramp Up and Can It,0.6912132844901661
bf0a784fe1efa01dc5a2e1ccd1f731fc,Square Cross-Sections,0.8560543522878744
bf0a784fe1efa01dc5a2e1ccd1f731fc,Stranger Shapes,0.6339700789808659
bf0a784fe1efa01dc5a2e1ccd1f731fc,Sugar Cones,0.904229302934851
bf0a784fe1efa01dc5a2e1ccd1f731fc,Tall and Small,0.73892178288088
bf0a784fe1efa01dc5a2e1ccd1f731fc,Unnecessary,0.6571553422867732
bf0a784fe1efa01dc5a2e1ccd1f731fc,Warm Up,0.9495856192062474
bf0a784fe1efa01dc5a2e1ccd1f731fc,Zzz,0.7281129281326874
ca35f06de1cb31608714f602522da941,1. One Box,0.9808173982311341
ca35f06de1cb31608714f602522da941,2. Separated Boxes,0.9472685070453609
ca35f06de1cb31608714f602522da941,3. Rotate a Pyramid,0.9788636824562936
ca35f06de1cb31608714f602522da941,4. Match Silhouettes,0.9749536874120298
ca35f06de1cb31608714f602522da941,45-Degree Rotations,0.8994378744162536
ca35f06de1cb31608714f602522da941,5. Removing Objects,0.9424595195321028
ca35f06de1cb31608714f602522da941,6. Stretch a Ramp,0.9591150081190997
ca35f06de1cb31608714f602522da941,7. Max 2 Boxes,0.9467245909618061
ca35f06de1cb31608714f602522da941,8. Combine 2 Ramps,0.8839720981071177
ca35f06de1cb31608714f602522da941,9. Scaling Round Objects,0.91518867663808
ca35f06de1cb31608714f602522da941,Bird Fez,0.8705105130707628
ca35f06de1cb31608714f602522da941,Boxes Obscure Spheres,0.7846479691741056
ca35f06de1cb31608714f602522da941,Object Limits,0.7258650520143843
ca35f06de1cb31608714f602522da941,Pi Henge,0.9302575750954749
ca35f06de1cb31608714f602522da941,Pyramids are Strange,0.7865620876863479
ca35f06de1cb31608714f602522da941,Square Cross-Sections,0.8612446140222128
cc9b0177c4af699f8c39c9f7126fa4a4,1. One Box,0.9808635816702509
cc9b0177c4af699f8c39c9f7126fa4a4,2. Separated Boxes,0.9476143088462217
cc9b0177c4af699f8c39c9f7126fa4a4,3. Rotate a Pyramid,0.9789223661722679
cc9b0177c4af699f8c39c9f7126fa4a4,4. Match Silhouettes,0.9750377993397984
cc9b0177c4af699f8c39c9f7126fa4a4,45-Degree Rotations,0.9014200910499001
cc9b0177c4af699f8c39c9f7126fa4a4,5. Removing Objects,0.942880476881612
cc9b0177c4af699f8c39c9f7126fa4a4,6. Stretch a Ramp,0.9593384187992977
cc9b0177c4af699f8c39c9f7126fa4a4,7. Max 2 Boxes,0.9471169468986063
cc9b0177c4af699f8c39c9f7126fa4a4,8. Combine 2 Ramps,0.8858029099692409
cc9b0177c4af699f8c39c9f7126fa4a4,9. Scaling Round Objects,0.9162557429495299
cc9b0177c4af699f8c39c9f7126fa4a4,Angled Silhouette,0.8257813198882711
cc9b0177c4af699f8c39c9f7126fa4a4,Bird Fez,0.8745048595388791
cc9b0177c4af699f8c39c9f7126fa4a4,Boxes Obscure Spheres,0.7964331279588358
cc9b0177c4af699f8c39c9f7126fa4a4,Object Limits,0.691098745874911
cc9b0177c4af699f8c39c9f7126fa4a4,Pi Henge,0.9357737688089651
cc9b0177c4af699f8c39c9f7126fa4a4,Pyramids are Strange,0.8175438401199141
cc9b0177c4af699f8c39c9f7126fa4a4,Ramp Up and Can It,0.7537809937998868
cc9b0177c4af699f8c39c9f7126fa4a4,Square Cross-Sections,0.8502806977598601
cc9b0177c4af699f8c39c9f7126fa4a4,Stranger Shapes,0.674723997822198
cc9b0177c4af699f8c39c9f7126fa4a4,Sugar Cones,0.912837775657868
cc9b0177c4af699f8c39c9f7126fa4a4,Tall and Small,0.7692120884221004
cc9b0177c4af699f8c39c9f7126fa4a4,Warm Up,0.9523509797368762
d2695d1ecd5266079525ebc7d197c5c2,1. One Box,0.9809093824869679
d2695d1ecd5266079525ebc7d197c5c2,2. Separated Boxes,0.9479544777912422
d2695d1ecd5266079525ebc7d197c5c2,3. Rotate a Pyramid,0.9789805192111525
d2695d1ecd5266079525ebc7d197c5c2,4. Match Silhouettes,0.9751210441999151
d2695d1ecd5266079525ebc7d197c5c2,45-Degree Rotations,0.9033177379878838
d2695d1ecd5266079525ebc7d197c5c2,5. Removing Objects,0.9432944267280485
d2695d1ecd5266079525ebc7d197c5c2,6. Stretch a Ramp,0.9595589808870915
d2695d1ecd5266079525ebc7d197c5c2,7. Max 2 Boxes,0.947502584638154
d2695d1ecd5266079525ebc7d197c5c2,8. Combine 2 Ramps,0.8875730137319876
d2695d1ecd5266079525ebc7d197c5c2,9. Scaling Round Objects,0.9172933527421563
d2695d1ecd5266079525ebc7d197c5c2,Angled Silhouette,0.8320423601249064
d2695d1ecd5266079525ebc7d197c5c2,Bear Market,0.055195597067997565
d2695d1ecd5266079525ebc7d197c5c2,Bird Fez,0.8766229687464482
d2695d1ecd5266079525ebc7d197c5c2,Boxes Obscure Spheres,0.8023836834543843
d2695d1ecd5266079525ebc7d197c5c2,Bull Market,0.551561735586181
d2695d1ecd5266079525ebc7d197c5c2,More Than Meets Your Eye,0.7270965222757471
d2695d1ecd5266079525ebc7d197c5c2,Not Bird,0.7040758563314322
d2695d1ecd5266079525ebc7d197c5c2,Object Limits,0.7138272692740693
d2695d1ecd5266079525ebc7d197c5c2,Pi Henge,0.9337211263064614
d2695d1ecd5266079525ebc7d197c5c2,Pyramids are Strange,0.8268251790250927
d2695d1ecd5266079525ebc7d197c5c2,Ramp Up and Can It,0.7066693143590503
d2695d1ecd5266079525ebc7d197c5c2,Square Cross-Sections,0.8693335804002024
d2695d1ecd5266079525ebc7d197c5c2,Stranger Shapes,0.7249930304961181
d2695d1ecd5266079525ebc7d197c5c2,Sugar Cones,0.9236449003228487
d2695d1ecd5266079525ebc7d197c5c2,Tall and Small,0.8002416508211389
d2695d1ecd5266079525ebc7d197c5c2,Unnecessary,0.7283479491825842
d2695d1ecd5266079525ebc7d197c5c2,Warm Up,0.9587750675023289
d2695d1ecd5266079525ebc7d197c5c2,Zzz,0.7822432235509355
d4fa4c2c02058f0323918427c09248bf,Bear Market,0.048793736469916686
d4fa4c2c02058f0323918427c09248bf,Bull Market,0.4690292300185951
d4fa4c2c02058f0323918427c09248bf,More Than Meets Your Eye,0.717393942016869
d4fa4c2c02058f0323918427c09248bf,Ramp Up and Can It,0.681804188263723
d4fa4c2c02058f0323918427c09248bf,Sugar Cones,0.9074919400696252
d4fa4c2c02058f0323918427c09248bf,Tall and Small,0.7440628362744869
d4fa4c2c02058f0323918427c09248bf,Unnecessary,0.6757906183270177
d4fa4c2c02058f0323918427c09248bf,Zzz,0.7356611964166914
e38b2dcc1efd0d9e05a0059b29939914,1. One Box,0.9809548056930467
e38b2dcc1efd0d9e05a0059b29939914,2. Separated Boxes,0.9482891511937285
e38b2dcc1efd0d9e05a0059b29939914,3. Rotate a Pyramid,0.9790381489222659
e38b2dcc1efd0d9e05a0059b29939914,4. Match Silhouettes,0.975203435688683
e38b2dcc1efd0d9e05a0059b29939914,45-Degree Rotations,0.9051360136835052
e38b2dcc1efd0d9e05a0059b29939914,5. Removing Objects,0.9437015141384016
e38b2dcc1efd0d9e05a0059b29939914,6. Stretch a Ramp,0.9597767265055726
e38b2dcc1efd0d9e05a0059b29939914,7. Max 2 Boxes,0.9478816505097681
e38b2dcc1efd0d9e05a0059b29939914,8. Combine 2 Ramps,0.889285267565815
e38b2dcc1efd0d9e05a0059b29939914,9. Scaling Round Objects,0.918302658604345
e38b2dcc1efd0d9e05a0059b29939914,Bear Market,0.05218997752270888
e38b2dcc1efd0d9e05a0059b29939914,Bird Fez,0.8778926442312703
e38b2dcc1efd0d9e05a0059b29939914,Boxes Obscure Spheres,0.805791689970252
e38b2dcc1efd0d9e05a0059b29939914,Few Clues,0.5547813955411186
e38b2dcc1efd0d9e05a0059b29939914,Not Bird,0.7059677137560586
e38b2dcc1efd0d9e05a0059b29939914,Object Limits,0.68445484321156
e38b2dcc1efd0d9e05a0059b29939914,Orange Dance,0.14004310767208708
e38b2dcc1efd0d9e05a0059b29939914,Pi Henge,0.9274863269669995
e38b2dcc1efd0d9e05a0059b29939914,Pyramids are Strange,0.779766570392717
e38b2dcc1efd0d9e05a0059b29939914,Square Cross-Sections,0.8257798618771961
e38b2dcc1efd0d9e05a0059b29939914,Stranger Shapes,0.6601413805463107
e38b2dcc1efd0d9e05a0059b29939914,Sugar Cones,0.8727149079796241
e38b2dcc1efd0d9e05a0059b29939914,Warm Up,0.9412004530772389
e475e17ea1c7251d27d011af6111af63,1. One Box,0.9809998562114899
e475e17ea1c7251d27d011af6111af63,2. Separated Boxes,0.9486184619610423
e475e17ea1c7251d27d011af6111af63,3. Rotate a Pyramid,0.9790952625235915
e475e17ea1c7251d27d011af6111af63,4. Match Silhouettes,0.9752849872181919
e475e17ea1c7251d27d011af6111af63,45-Degree Rotations,0.9068797075990158
e475e17ea1c7251d27d011af6111af63,5. Removing Objects,0.9346269101151808
e475e17ea1c7251d27d011af6111af63,6. Stretch a Ramp,0.9531434512666692
e475e17ea1c7251d27d011af6111af63,7. Max 2 Boxes,0.939582852780718
e475e17ea1c7251d27d011af6111af63,8. Combine 2 Ramps,0.8740837500127153
e475e17ea1c7251d27d011af6111af63,9. Scaling Round Objects,0.9065497039600657
e475e17ea1c7251d27d011af6111af63,Bear Market,0.04408247933651549
e475e17ea1c7251d27d011af6111af63,Bird Fez,0.8717333627787501
e475e17ea1c7251d27d011af6111af63,Pi Henge,0.9211378219883717
e475e17ea1c7251d27d011af6111af63,Square Cross-Sections,0.8286427617596246
e475e17ea1c7251d27d011af6111af63,Sugar Cones,0.8576991866810787
e70ebd06402419a86ba195a0da517c67,1. One Box,0.9810445388785132
e70ebd06402419a86ba195a0da517c67,2. Separated Boxes,0.9489425387688499
e70ebd06402419a86ba195a0da517c67,3. Rotate a Pyramid,0.9791518671044794
e70ebd06402419a86ba195a0da517c67,4. Match Silhouettes,0.9753657119234505
e70ebd06402419a86ba195a0da517c67,5. Removing Objects,0.9437620053400376
e70ebd06402419a86ba195a0da517c67,6. Stretch a Ramp,0.959676085624197
e70ebd06402419a86ba195a0da517c67,7. Max 2 Boxes,0.9479791173319835
e70ebd06402419a86ba195a0da517c67,8. Combine 2 Ramps,0.8914507603414543
e70ebd06402419a86ba195a0da517c67,9. Scaling Round Objects,0.919419640851369
e70ebd06402419a86ba195a0da517c67,Bear Market,0.04990680845569532
e70ebd06402419a86ba195a0da517c67,Not Bird,0.6544875666559905
e70ebd06402419a86ba195a0da517c67,Ramp Up and Can It,0.727316070112409
e70ebd06402419a86ba195a0da517c67,Stranger Shapes,0.7070820292003205
e70ebd06402419a86ba195a0da517c67,Sugar Cones,0.8480542275912436
e71fff89938ec1fe219e736fa36f8b6b,1. One Box,0.9810888584454636
e71fff89938ec1fe219e736fa36f8b6b,2. Separated Boxes,0.9492615062272165
e71fff89938ec1fe219e736fa36f8b6b,3. Rotate a Pyramid,0.9792079696282974
e71fff89938ec1fe219e736fa36f8b6b,4. Match Silhouettes,0.9754456226693101
e71fff89938ec1fe219e736fa36f8b6b,45-Degree Rotations,0.8889868666998499
e71fff89938ec1fe219e736fa36f8b6b,5. Removing Objects,0.9451409861448448
e71fff89938ec1fe219e736fa36f8b6b,6. Stretch a Ramp,0.960587515853571
e71fff89938ec1fe219e736fa36f8b6b,7. Max 2 Boxes,0.9492172360087143
e71fff89938ec1fe219e736fa36f8b6b,8. Combine 2 Ramps,0.8946911321937484
e71fff89938ec1fe219e736fa36f8b6b,9. Scaling Round Objects,0.9215802282685578
e71fff89938ec1fe219e736fa36f8b6b,Angled Silhouette,0.83794958228055
e71fff89938ec1fe219e736fa36f8b6b,Bird Fez,0.863749267783734
e71fff89938ec1fe219e736fa36f8b6b,Boxes Obscure Spheres,0.8171051074929061
e71fff89938ec1fe219e736fa36f8b6b,More Than Meets Your Eye,0.7723033689533434
e71fff89938ec1fe219e736fa36f8b6b,Not Bird,0.7043371662290443
e71fff89938ec1fe219e736fa36f8b6b,Object Limits,0.6988271869136661
e71fff89938ec1fe219e736fa36f8b6b,Pi Henge,0.9408418731786129
e71fff89938ec1fe219e736fa36f8b6b,Pyramids are Strange,0.843146035275225
e71fff89938ec1fe219e736fa36f8b6b,Ramp Up and Can It,0.7055036543862618
e71fff89938ec1fe219e736fa36f8b6b,Square Cross-Sections,0.8628506967815454
e71fff89938ec1fe219e736fa36f8b6b,Stranger Shapes,0.7270483442147407
e71fff89938ec1fe219e736fa36f8b6b,Sugar Cones,0.8963029505725363
e71fff89938ec1fe219e736fa36f8b6b,Tall and Small,0.8275445476225602
e71fff89938ec1fe219e736fa36f8b6b,Unnecessary,0.7807561973856594
e71fff89938ec1fe219e736fa36f8b6b,Warm Up,0.9493855316187787
e71fff89938ec1fe219e736fa36f8b6b,Zzz,0.818440708004458
e94bcd5830a6a2d1e9af610edfdc52dc,1. One Box,0.981132819580687
e94bcd5830a6a2d1e9af610edfdc52dc,2. Separated Boxes,0.9495754850389821
e94bcd5830a6a2d1e9af610edfdc52dc,3. Rotate a Pyramid,0.9792635769350261
e94bcd5830a6a2d1e9af610edfdc52dc,4. Match Silhouettes,0.9755247320571978
e94bcd5830a6a2d1e9af610edfdc52dc,45-Degree Rotations,0.8913039465409749
e94bcd5830a6a2d1e9af610edfdc52dc,5. Removing Objects,0.945511876995468
e94bcd5830a6a2d1e9af610edfdc52dc,6. Stretch a Ramp,0.9607877143035742
e94bcd5830a6a2d1e9af610edfdc52dc,7. Max 2 Boxes,0.9495621177369606
e94bcd5830a6a2d1e9af610edfdc52dc,8. Combine 2 Ramps,0.8961697815546824
e94bcd5830a6a2d1e9af610edfdc52dc,9. Scaling Round Objects,0.9224689183944089
e94bcd5830a6a2d1e9af610edfdc52dc,Angled Silhouette,0.8433636474629713
e94bcd5830a6a2d1e9af610edfdc52dc,Bird Fez,0.8666158635036025
e94bcd5830a6a2d1e9af610edfdc52dc,Boxes Obscure Spheres,0.822865632221568
e94bcd5830a6a2d1e9af610edfdc52dc,Bull Market,0.43996652413228393
e94bcd5830a6a2d1e9af610edfdc52dc,More Than Meets Your Eye,0.7832162258980729
e94bcd5830a6a2d1e9af610edfdc52dc,Not Bird,0.7220480410146539
e94bcd5830a6a2d1e9af610edfdc52dc,Object Limits,0.7089270760317629
e94bcd5830a6a2d1e9af610edfdc52dc,Pi Henge,0.9380399546556375
e94bcd5830a6a2d1e9af610edfdc52dc,Pyramids are Strange,0.8438160609457794
e94bcd5830a6a2d1e9af610edfdc52dc,Ramp Up and Can It,0.7196137420894491
e94bcd5830a6a2d1e9af610edfdc52dc,Square Cross-Sections,0.849101697196735
e94bcd5830a6a2d1e9af610edfdc52dc,Unnecessary,0.763558724220988
e94bcd5830a6a2d1e9af610edfdc52dc,Warm Up,0.9405077964098801
e94bcd5830a6a2d1e9af610edfdc52dc,Zzz,0.7307236951323001
eb31edc705bc6a52f30c37c1622267cc,45-Degree Rotations,0.8914733006561328
eb31edc705bc6a52f30c37c1622267cc,Angled Silhouette,0.8399178914506414
eb31edc705bc6a52f30c37c1622267cc,Bird Fez,0.866242370211516
eb31edc705bc6a52f30c37c1622267cc,Boxes Obscure Spheres,0.8208853832942044
eb31edc705bc6a52f30c37c1622267cc,Bull Market,0.3883054509499881
eb31edc705bc6a52f30c37c1622267cc,More Than Meets Your Eye,0.7885605704021494
eb31edc705bc6a52f30c37c1622267cc,Not Bird,0.7343188526991191
eb31edc705bc6a52f30c37c1622267cc,Object Limits,0.7174254045551184
eb31edc705bc6a52f30c37c1622267cc,Pi Henge,0.9384453263258247
eb31edc705bc6a52f30c37c1622267cc,Pyramids are Strange,0.8455460711647388
eb31edc705bc6a52f30c37c1622267cc,Ramp Up and Can It,0.6653005412550118
eb31edc705bc6a52f30c37c1622267cc,Square Cross-Sections,0.8647389523978827
eb31edc705bc6a52f30c37c1622267cc,Stranger Shapes,0.7364413550937481
eb31edc705bc6a52f30c37c1622267cc,Sugar Cones,0.8966130559548748
eb31edc705bc6a52f30c37c1622267cc,Tall and Small,0.831827348199467
eb31edc705bc6a52f30c37c1622267cc,Unnecessary,0.8081316879218472
eb31edc705bc6a52f30c37c1622267cc,Warm Up,0.950051438769774
eb31edc705bc6a52f30c37c1622267cc,Zzz,0.7811523160974215
ecc47748b7ef0ae450de9371e64b0b5b,1. One Box,0.9811764268713477
ecc47748b7ef0ae450de9371e64b0b5b,2. Separated Boxes,0.9498845921508351
ecc47748b7ef0ae450de9371e64b0b5b,3. Rotate a Pyramid,0.9793186957438
ecc47748b7ef0ae450de9371e64b0b5b,4. Match Silhouettes,0.975603052431654
ecc47748b7ef0ae450de9371e64b0b5b,5. Removing Objects,0.9449614397169731
ecc47748b7ef0ae450de9371e64b0b5b,6. Stretch a Ramp,0.9603343788410785
ecc47748b7ef0ae450de9371e64b0b5b,7. Max 2 Boxes,0.9490918097503493
ecc47748b7ef0ae450de9371e64b0b5b,8. Combine 2 Ramps,0.8960797970687392
ecc47748b7ef0ae450de9371e64b0b5b,9. Scaling Round Objects,0.9222158310434644
ecc47748b7ef0ae450de9371e64b0b5b,Square Cross-Sections,0.8448116209706997
ef0b43cdf2d6ac99ff1bf5c2284e932a,1. One Box,0.9812196848251985
ef0b43cdf2d6ac99ff1bf5c2284e932a,2. Separated Boxes,0.950188940897469
ef0b43cdf2d6ac99ff1bf5c2284e932a,3. Rotate a Pyramid,0.9793733326553947
ef0b43cdf2d6ac99ff1bf5c2284e932a,4. Match Silhouettes,0.9756805958866877
ef0b43cdf2d6ac99ff1bf5c2284e932a,45-Degree Rotations,0.8956767234275927
ef0b43cdf2d6ac99ff1bf5c2284e932a,5. Removing Objects,0.9462431253564179
ef0b43cdf2d6ac99ff1bf5c2284e932a,6. Stretch a Ramp,0.9611846275641112
ef0b43cdf2d6ac99ff1bf5c2284e932a,7. Max 2 Boxes,0.9502413720280316
ef0b43cdf2d6ac99ff1bf5c2284e932a,8. Combine 2 Ramps,0.8990172053131832
ef0b43cdf2d6ac99ff1bf5c2284e932a,9. Scaling Round Objects,0.9241926475290886
ef0b43cdf2d6ac99ff1bf5c2284e932a,Angled Silhouette,0.8534160814637128
ef0b43cdf2d6ac99ff1bf5c2284e932a,Bear Market,0.05063890138376326
ef0b43cdf2d6ac99ff1bf5c2284e932a,Bird Fez,0.8716866034111979
ef0b43cdf2d6ac99ff1bf5c2284e932a,Boxes Obscure Spheres,0.83265293057914
ef0b43cdf2d6ac99ff1bf5c2284e932a,Bull Market,0.3531628557489594
ef0b43cdf2d6ac99ff1bf5c2284e932a,Few Clues,0.4991497040709626
ef0b43cdf2d6ac99ff1bf5c2284e932a,More Than Meets Your Eye,0.8229420179591317
ef0b43cdf2d6ac99ff1bf5c2284e932a,Not Bird,0.7774147792467736
ef0b43cdf2d6ac99ff1bf5c2284e932a,Object Limits,0.7527240897770322
ef0b43cdf2d6ac99ff1bf5c2284e932a,Orange Dance,0.18554004134752936
ef0b43cdf2d6ac99ff1bf5c2284e932a,Pi Henge,0.9496469258446464
ef0b43cdf2d6ac99ff1bf5c2284e932a,Pyramids are Strange,0.8711423280437305
ef0b43cdf2d6ac99ff1bf5c2284e932a,Ramp Up and Can It,0.7255807157623468
ef0b43cdf2d6ac99ff1bf5c2284e932a,Square Cross-Sections,0.8685051990967807
ef0b43cdf2d6ac99ff1bf5c2284e932a,Stranger Shapes,0.776965394445889
ef0b43cdf2d6ac99ff1bf5c2284e932a,Sugar Cones,0.9104263175178489
ef0b43cdf2d6ac99ff1bf5c2284e932a,Tall and Small,0.8555116109477618
ef0b43cdf2d6ac99ff1bf5c2284e932a,Unnecessary,0.8368695976292737
ef0b43cdf2d6ac99ff1bf5c2284e932a,Warm Up,0.9556954602439818
ef0b43cdf2d6ac99ff1bf5c2284e932a,Zzz,0.8127018176860716
f22d5e004366e83c9eb106b13b21bc9d,1. One Box,0.9812625978723052
f22d5e004366e83c9eb106b13b21bc9d,2. Separated Boxes,0.9504886411391889
f22d5e004366e83c9eb106b13b21bc9d,3. Rotate a Pyramid,0.9794274941546631
f22d5e004366e83c9eb106b13b21bc9d,4. Match Silhouettes,0.9757573742719498
f22d5e004366e83c9eb106b13b21bc9d,45-Degree Rotations,0.8977030033383336
f22d5e004366e83c9eb106b13b21bc9d,5. Removing Objects,0.9465974860809341
f22d5e004366e83c9eb106b13b21bc9d,6. Stretch a Ramp,0.9613780579560396
f22d5e004366e83c9eb106b13b21bc9d,7. Max 2 Boxes,0.9505704638094031
f22d5e004366e83c9eb106b13b21bc9d,8. Combine 2 Ramps,0.9003685280783883
f22d5e004366e83c9eb106b13b21bc9d,9. Scaling Round Objects,0.925016728313754
f22d5e004366e83c9eb106b13b21bc9d,Angled Silhouette,0.8578353921152542
f22d5e004366e83c9eb106b13b21bc9d,Bear Market,0.04977189373657832
f22d5e004366e83c9eb106b13b21bc9d,Bird Fez,0.8742256533888426
f22d5e004366e83c9eb106b13b21bc9d,Boxes Obscure Spheres,0.8375037470418799
f22d5e004366e83c9eb106b13b21bc9d,Bull Market,0.4176243993665729
f22d5e004366e83c9eb106b13b21bc9d,Few Clues,0.5460911101258291
f22d5e004366e83c9eb106b13b21bc9d,More Than Meets Your Eye,0.807232676064065
f22d5e004366e83c9eb106b13b21bc9d,Not Bird,0.738593510717481
f22d5e004366e83c9eb106b13b21bc9d,Object Limits,0.7110783758310332
f22d5e004366e83c9eb106b13b21bc9d,Orange Dance,0.19927353091304806
f22d5e004366e83c9eb106b13b21bc9d,Pi Henge,0.933787200806949
f22d5e004366e83c9eb106b13b21bc9d,Pyramids are Strange,0.8272536936743128
f22d5e004366e83c9eb106b13b21bc9d,Ramp Up and Can It,0.6636233133937987
f22d5e004366e83c9eb106b13b21bc9d,Square Cross-Sections,0.8245385236731736
f22d5e004366e83c9eb106b13b21bc9d,Stranger Shapes,0.7184634526473368
f22d5e004366e83c9eb106b13b21bc9d,Sugar Cones,0.8696842276732967
f22d5e004366e83c9eb106b13b21bc9d,Tall and Small,0.8013920294635185
f22d5e004366e83c9eb106b13b21bc9d,Unnecessary,0.7797921745159747
f22d5e004366e83c9eb106b13b21bc9d,Warm Up,0.9287550340470959
f22d5e004366e83c9eb106b13b21bc9d,Zzz,0.7361770187459501
f50c8d5d6414f0e64ef8c21973d0a6d6,1. One Box,0.981305170366726
f50c8d5d6414f0e64ef8c21973d0a6d6,2. Separated Boxes,0.9507837993933087
f50c8d5d6414f0e64ef8c21973d0a6d6,3. Rotate a Pyramid,0.9794811866129192
f50c8d5d6414f0e64ef8c21973d0a6d6,4. Match Silhouettes,0.9758333991987352
f50c8d5d6414f0e64ef8c21973d0a6d6,45-Degree Rotations,0.8996446304408775
f50c8d5d6414f0e64ef8c21973d0a6d6,5. Removing Objects,0.946946540547564
f50c8d5d6414f0e64ef8c21973d0a6d6,6. Stretch a Ramp,0.9615692665474364
f50c8d5d6414f0e64ef8c21973d0a6d6,7. Max 2 Boxes,0.9508944964392347
f50c8d5d6414f0e64ef8c21973d0a6d6,8. Combine 2 Ramps,0.9016810591186717
f50c8d5d6414f0e64ef8c21973d0a6d6,9. Scaling Round Objects,0.9258208242346456
f50c8d5d6414f0e64ef8c21973d0a6d6,Angled Silhouette,0.8619854998576925
f50c8d5d6414f0e64ef8c21973d0a6d6,Bear Market,0.04894210244786939
f50c8d5d6414f0e64ef8c21973d0a6d6,Bird Fez,0.8766615334918622
f50c8d5d6414f0e64ef8c21973d0a6d6,Boxes Obscure Spheres,0.8420787428542342
f50c8d5d6414f0e64ef8c21973d0a6d6,Bull Market,0.37551813450599447
f50c8d5d6414f0e64ef8c21973d0a6d6,Few Clues,0.4934098187615896
f50c8d5d6414f0e64ef8c21973d0a6d6,More Than Meets Your Eye,0.7670187369961545
f50c8d5d6414f0e64ef8c21973d0a6d6,Not Bird,0.785699243558071
f50c8d5d6414f0e64ef8c21973d0a6d6,Object Limits,0.756181719886478
f50c8d5d6414f0e64ef8c21973d0a6d6,Pi Henge,0.9457925152325969
f50c8d5d6414f0e64ef8c21973d0a6d6,Pyramids are Strange,0.8555786046969515
f50c8d5d6414f0e64ef8c21973d0a6d6,Ramp Up and Can It,0.7235362556153013
f50c8d5d6414f0e64ef8c21973d0a6d6,Square Cross-Sections,0.8512572103880016
f50c8d5d6414f0e64ef8c21973d0a6d6,Stranger Shapes,0.7128887484616592
f50c8d5d6414f0e64ef8c21973d0a6d6,Sugar Cones,0.899266618394876
f50c8d5d6414f0e64ef8c21973d0a6d6,Tall and Small,0.8462345928279041
f50c8d5d6414f0e64ef8c21973d0a6d6,Unnecessary,0.7705627880475532
f50c8d5d6414f0e64ef8c21973d0a6d6,Warm Up,0.9490720460866264
f50c8d5d6414f0e64ef8c21973d0a6d6,Zzz,0.7472714788372418
f520f6763fdb355659089797cfbd25e0,1. One Box,0.9813474065881488
f520f6763fdb355659089797cfbd25e0,2. Separated Boxes,0.9510745189596621
f520f6763fdb355659089797cfbd25e0,3. Rotate a Pyramid,0.9795344162902707
f520f6763fdb355659089797cfbd25e0,4. Match Silhouettes,0.9759086820458147
f520f6763fdb355659089797cfbd25e0,45-Degree Rotations,0.9015066914887353
f520f6763fdb355659089797cfbd25e0,5. Removing Objects,0.9472903801918493
f520f6763fdb355659089797cfbd25e0,6. Stretch a Ramp,0.961758270332028
f520f6763fdb355659089797cfbd25e0,7. Max 2 Boxes,0.9512135621486564
f520f6763fdb355659089797cfbd25e0,8. Combine 2 Ramps,0.9029563811937873
f520f6763fdb355659089797cfbd25e0,9. Scaling Round Objects,0.9266056173410981
f520f6763fdb355659089797cfbd25e0,Angled Silhouette,0.8658893545335109
f520f6763fdb355659089797cfbd25e0,Bear Market,0.04814711600546863
f520f6763fdb355659089797cfbd25e0,Bird Fez,0.8790001223634514
f520f6763fdb355659089797cfbd25e0,Boxes Obscure Spheres,0.8463995091306425
f520f6763fdb355659089797cfbd25e0,Bull Market,0.43747483839255114
f520f6763fdb355659089797cfbd25e0,Few Clues,0.43569901026550706
f520f6763fdb355659089797cfbd25e0,More Than Meets Your Eye,0.800732187788353
f520f6763fdb355659089797cfbd25e0,Not Bird,0.818062732381803
f520f6763fdb355659089797cfbd25e0,Object Limits,0.7858252552395419
f520f6763fdb355659089797cfbd25e0,Orange Dance,0.22866041872907925
f520f6763fdb355659089797cfbd25e0,Pi Henge,0.9505274495469226
f520f6763fdb355659089797cfbd25e0,Pyramids are Strange,0.8802110382844667
f520f6763fdb355659089797cfbd25e0,Ramp Up and Can It,0.7768656457019996
f520f6763fdb355659089797cfbd25e0,Square Cross-Sections,0.8748696500146369
f520f6763fdb355659089797cfbd25e0,Stranger Shapes,0.7637439976113405
f520f6763fdb355659089797cfbd25e0,Sugar Cones,0.9154575462864574
f520f6763fdb355659089797cfbd25e0,Tall and Small,0.8711520782722956
f520f6763fdb355659089797cfbd25e0,Unnecessary,0.8121639220638164
f520f6763fdb355659089797cfbd25e0,Warm Up,0.9568230315843894
f520f6763fdb355659089797cfbd25e0,Zzz,0.7921614318370416
f69a717e8b17ef8d693def8d5a8f4993,1. One Box,0.9813893107434827
f69a717e8b17ef8d693def8d5a8f4993,2. Separated Boxes,0.9513609000405332
f69a717e8b17ef8d693def8d5a8f4993,3. Rotate a Pyramid,0.9795871893379017
f69a717e8b17ef8d693def8d5a8f4993,4. Match Silhouettes,0.9759832339651017
f69a717e8b17ef8d693def8d5a8f4993,45-Degree Rotations,0.9032938825245422
f69a717e8b17ef8d693def8d5a8f4993,5. Removing Objects,0.9387131906414836
f69a717e8b17ef8d693def8d5a8f4993,6. Stretch a Ramp,0.955411904689441
f69a717e8b17ef8d693def8d5a8f4993,7. Max 2 Boxes,0.9433648107463718
f69a717e8b17ef8d693def8d5a8f4993,8. Combine 2 Ramps,0.8891103882229239
f69a717e8b17ef8d693def8d5a8f4993,9. Scaling Round Objects,0.9157600317341787
f69a717e8b17ef8d693def8d5a8f4993,Angled Silhouette,0.8504090734178463
f69a717e8b17ef8d693def8d5a8f4993,Bear Market,0.03588007980117342
f69a717e8b17ef8d693def8d5a8f4993,Bird Fez,0.8652940394472989
f69a717e8b17ef8d693def8d5a8f4993,Boxes Obscure Spheres,0.8067932602486151
f69a717e8b17ef8d693def8d5a8f4993,Object Limits,0.7182829324939867
f69a717e8b17ef8d693def8d5a8f4993,Pi Henge,0.934812847309094
f69a717e8b17ef8d693def8d5a8f4993,Pyramids are Strange,0.8229245731493716
f69a717e8b17ef8d693def8d5a8f4993,Square Cross-Sections,0.8128236780199412
f69a717e8b17ef8d693def8d5a8f4993,Warm Up,0.9210961384600022
f7383b2902f1761b425ff7df7ae095fc,1. One Box,0.9790735606356591
f7383b2902f1761b425ff7df7ae095fc,45-Degree Rotations,0.8525987460468447
f7383b2902f1761b425ff7df7ae095fc,Bird Fez,0.8648873325128192
f7383b2902f1761b425ff7df7ae095fc,Pi Henge,0.9321459779809428
f7383b2902f1761b425ff7df7ae095fc,Pyramids are Strange,0.81192998207675
f7383b2902f1761b425ff7df7ae095fc,Square Cross-Sections,0.7498408428304548
f7884fbfb9abf578e87729c0c6e4e9c6,1. One Box,0.9791234624342527
f7884fbfb9abf578e87729c0c6e4e9c6,2. Separated Boxes,0.9516642723024823
f7884fbfb9abf578e87729c0c6e4e9c6,3. Rotate a Pyramid,0.9796486338815
f7884fbfb9abf578e87729c0c6e4e9c6,4. Match Silhouettes,0.9760677150529398
f7884fbfb9abf578e87729c0c6e4e9c6,5. Removing Objects,0.9472595095789821
f7884fbfb9abf578e87729c0c6e4e9c6,6. Stretch a Ramp,0.9616173316149914
f7884fbfb9abf578e87729c0c6e4e9c6,7. Max 2 Boxes,0.9512196409407903
f7884fbfb9abf578e87729c0c6e4e9c6,8. Combine 2 Ramps,0.9043731126408178
fb039fa921dd55d1b7eb210d8a5f75fc,1. One Box,0.979175299087369
fb039fa921dd55d1b7eb210d8a5f75fc,2. Separated Boxes,0.951941930616094
fb039fa921dd55d1b7eb210d8a5f75fc,3. Rotate a Pyramid,0.9797004243571118
fb039fa921dd55d1b7eb210d8a5f75fc,4. Match Silhouettes,0.9761407253248342
fb039fa921dd55d1b7eb210d8a5f75fc,45-Degree Rotations,0.8888438141976307
fb039fa921dd55d1b7eb210d8a5f75fc,5. Removing Objects,0.9485228608682514
fb039fa921dd55d1b7eb210d8a5f75fc,6. Stretch a Ramp,0.9624714501364827
fb039fa921dd55d1b7eb210d8a5f75fc,7. Max 2 Boxes,0.9523537852777668
fb039fa921dd55d1b7eb210d8a5f75fc,8. Combine 2 Ramps,0.8935605073988564
fb039fa921dd55d1b7eb210d8a5f75fc,9. Scaling Round Objects,0.9285474840310306
fb039fa921dd55d1b7eb210d8a5f75fc,Angled Silhouette,0.844747727927858
fb039fa921dd55d1b7eb210d8a5f75fc,Bear Market,0.04718568145513374
fb039fa921dd55d1b7eb210d8a5f75fc,Bird Fez,0.886578279267394
fb039fa921dd55d1b7eb210d8a5f75fc,Boxes Obscure Spheres,0.8565478529180626
fb039fa921dd55d1b7eb210d8a5f75fc,Bull Market,0.49499689367337185
fb039fa921dd55d1b7eb210d8a5f75fc,Few Clues,0.5000509969355018
fb039fa921dd55d1b7eb210d8a5f75fc,More Than Meets Your Eye,0.8108587282524644
fb039fa921dd55d1b7eb210d8a5f75fc,Not Bird,0.826322437773935
fb039fa921dd55d1b7eb210d8a5f75fc,Object Limits,0.8040332044419776
fb039fa921dd55d1b7eb210d8a5f75fc,Orange Dance,0.29011235332546015
fb039fa921dd55d1b7eb210d8a5f75fc,Pi Henge,0.949103260908692
fb039fa921dd55d1b7eb210d8a5f75fc,Pyramids are Strange,0.8543033691068951
fb039fa921dd55d1b7eb210d8a5f75fc,Ramp Up and Can It,0.7688177231333425
fb039fa921dd55d1b7eb210d8a5f75fc,Square Cross-Sections,0.8530354020952466
fb039fa921dd55d1b7eb210d8a5f75fc,Stranger Shapes,0.7543285601535358
fb039fa921dd55d1b7eb210d8a5f75fc,Sugar Cones,0.9081282216126615
fb039fa921dd55d1b7eb210d8a5f75fc,Tall and Small,0.862754423250328
fb039fa921dd55d1b7eb210d8a5f75fc,Unnecessary,0.8061657020492476
fb039fa921dd55d1b7eb210d8a5f75fc,Warm Up,0.953457874712051
fb039fa921dd55d1b7eb210d8a5f75fc,Zzz,0.7866999706862641
fd934ef7ae0a2bc9ef543c6317cd3fd0,1. One Box,0.9792267080497092
fd934ef7ae0a2bc9ef543c6317cd3fd0,2. Separated Boxes,0.9522155408791649
ffa946ca09448817699cabbb3dd78d56,1. One Box,0.9792776948697202
ffa946ca09448817699cabbb3dd78d56,2. Separated Boxes,0.9465190545795659
ffa946ca09448817699cabbb3dd78d56,3. Rotate a Pyramid,0.9797730893328394
ffa946ca09448817699cabbb3dd78d56,4. Match Silhouettes,0.976237895057323
ffa946ca09448817699cabbb3dd78d56,45-Degree Rotations,0.8911532632994766
ffa946ca09448817699cabbb3dd78d56,5. Removing Objects,0.9488896868594762
ffa946ca09448817699cabbb3dd78d56,6. Stretch a Ramp,0.9626839773574893
ffa946ca09448817699cabbb3dd78d56,7. Max 2 Boxes,0.9526932747647936
ffa946ca09448817699cabbb3dd78d56,8. Combine 2 Ramps,0.8951123122689381
ffa946ca09448817699cabbb3dd78d56,9. Scaling Round Objects,0.9293278094457569
ffa946ca09448817699cabbb3dd78d56,Angled Silhouette,0.8496199996297384
ffa946ca09448817699cabbb3dd78d56,Bird Fez,0.8888702547466556
ffa946ca09448817699cabbb3dd78d56,Boxes Obscure Spheres,0.8609319679939021
ffa946ca09448817699cabbb3dd78d56,Bull Market,0.5465708093770055
ffa946ca09448817699cabbb3dd78d56,Few Clues,0.5570475581518108
ffa946ca09448817699cabbb3dd78d56,More Than Meets Your Eye,0.8026623641364062
ffa946ca09448817699cabbb3dd78d56,Not Bird,0.8157811833422636
ffa946ca09448817699cabbb3dd78d56,Object Limits,0.7930156464274186
ffa946ca09448817699cabbb3dd78d56,Orange Dance,0.24394385743171704
ffa946ca09448817699cabbb3dd78d56,Pi Henge,0.9466115966174206
ffa946ca09448817699cabbb3dd78d56,Pyramids are Strange,0.8441964032557588
ffa946ca09448817699cabbb3dd78d56,Ramp Up and Can It,0.7598142753639143
ffa946ca09448817699cabbb3dd78d56,Square Cross-Sections,0.8423717558481641
ffa946ca09448817699cabbb3dd78d56,Stranger Shapes,0.7439551879186643
ffa946ca09448817699cabbb3dd78d56,Sugar Cones,0.9011869252294852
ffa946ca09448817699cabbb3dd78d56,Tall and Small,0.8561742731009356
ffa946ca09448817699cabbb3dd78d56,Unnecessary,0.8017355531171276
ffa946ca09448817699cabbb3dd78d56,Warm Up,0.9493525889719197
ffa946ca09448817699cabbb3dd78d56,Zzz,0.7829808724247972
